2401.13177	cs.SE
2404.08562	cs.CR
2207.08518	cs.CV
2201.01836	cs.LG
2303.16686	cs.NI
2310.15386	cs.LG
2306.02508	cs.LG
2306.11922	cs.LG
2205.11690	cs.CL
2409.05720	math.OC
2410.21487	cs.IR
2301.04614	cs.LG
2011.15091	cs.LG
2211.08583	cs.LG
2210.14891	cs.LG
2311.14115	cs.LG
2307.16704	cs.LG
2211.01939	cs.LG
2310.01632	cs.RO
2208.07458	cs.LG
2310.02423	cs.LG
2108.12550	cs.IT
2206.08005	cs.LG
2208.00659	cs.LG
2302.02025	cs.LG
2302.01224	cs.LO
2210.06069	q-bio.BM
2308.14601	cs.CY
2403.06026	cs.LG
2312.03857	stat.ME
2403.05573	cs.CY
2305.05577	cs.LG
2210.00999	cs.LG
2206.12311	cs.SE
2206.01251	cs.LG
2101.11353	cs.LG
2112.13314	cs.SE
2402.16354	cs.LG
2310.09575	cs.SE
2402.08733	cs.LG
2405.13932	cs.LG
2403.06634	cs.LG
2406.16045	cs.LG
2010.10029	cs.LG
2209.15315	cs.LG
2206.00362	cs.LG
2311.15161	cs.LG
2201.03346	cs.LG
2305.18246	cs.LG
2310.16931	cs.CL
2310.13466	astro-ph.GA
2310.02902	cs.LG
2302.08942	cs.LG
2205.12191	cs.CL
2405.07838	cs.LG
2402.00724	cs.CV
2402.06457	cs.LG
2405.12450	cs.SE
2107.01025	cs.NI
2203.13381	cs.LG
2312.14279	cs.SE
2307.14512	cs.SE
2310.07096	cs.CL
2402.08530	cs.LG
2406.06968	cs.LG
2405.03915	cs.HC
2402.12479	cs.LG
1911.09207	cs.GT
2109.12225	cs.IT
2209.11924	stat.ML
2203.06125	cs.LG
2207.05132	cs.SE
2302.00695	cs.LG
2308.01957	astro-ph.IM
2404.06621	cs.CL
2310.04935	cs.LG
2309.10910	cs.LG
2402.14083	cs.AI
2407.09499	cs.CV
2310.20673	cs.LG
2311.11177	cs.SE
2112.09153	cs.LG
2302.04178	cs.LG
2306.10171	cs.LG
2305.01206	cs.LO
2309.07445	cs.CL
2201.11231	cs.LG
2210.03022	cs.AI
2211.00519	cs.GR
2112.09164	cs.LG
2212.13381	cs.LG
2305.07558	cs.LG
2004.11292	cs.LG
1807.11876	cs.LG
2309.04836	cs.LG
2007.06654	cs.SE
2206.14145	cs.CL
2310.03419	cs.LG
2310.03882	cs.LG
2210.10837	stat.ML
2301.11264	astro-ph.GA
2202.13296	cs.CL
2002.03090	cs.LG
2008.06111	eess.SY
2404.05961	cs.CL
2107.00464	math.OC
2201.02535	math.OC
2208.10483	cs.LG
2307.03864	cs.LG
2211.15533	cs.CL
2302.01204	cs.LG
2306.00452	eess.AS
2402.07342	cs.HC
2310.12065	cs.GT
2403.04118	cs.RO
2205.00048	cs.IR
2210.08085	cs.AI
2305.11856	cs.CV
2304.13892	cs.LG
2406.12807	cs.AI
2404.08471	cs.CV
2406.18420	cs.LG
2404.11018	cs.LG
2305.13989	cs.CL
2310.16046	cs.LG
2209.02936	math.OC
2212.07016	cs.CV
2310.18777	cs.LG
2210.12765	cs.LG
2204.13169	cs.LG
2302.09450	cs.RO
2201.01787	cs.CL
2204.01633	cs.SI
2405.17615	cs.SD
2207.12255	econ.GN
2308.02887	cs.IR
2204.13921	cs.CL
2312.01858	cs.CL
2206.05825	cs.LG
2406.05967	cs.LG
2402.04764	cs.LG
2311.01135	cs.LG
2208.08918	cs.SE
2304.13850	cs.CV
2306.11715	cs.LG
2406.01361	cs.LG
2305.09824	cs.SE
2402.05930	cs.CL
2006.04299	math.OC
2202.07550	eess.IV
2204.04213	cs.LG
2301.02593	cs.MA
2211.16031	cs.CL
2310.18555	cs.LG
2302.06576	cs.LG
2406.08506	physics.chem-ph
2210.16906	cs.LG
2306.05937	math.OC
2109.03357	math.OC
1911.04788	cs.RO
2201.11732	cs.CL
2202.07013	cs.LG
2304.01412	cs.CL
2212.02614	cs.LG
2310.18330	cs.CL
2411.02685	cs.AI
2207.12043	cs.LG
2310.04562	cs.CL
2302.06403	q-bio.NC
2301.12068	cs.LG
2206.02633	cs.IR
2305.19394	q-bio.NC
2306.03117	q-bio.QM
2206.00823	cs.NE
1911.06253	stat.ML
2110.15412	math.OC
2204.05276	eess.IV
2406.04421	cs.LG
2407.14916	cs.CL
2402.09542	cs.LG
2307.16463	cs.LG
2305.14928	cs.CL
2312.14836	cs.LG
