legacy_root	children	divides_by	maps_to	axis_status	note
audio	2	modality	domains/modality: Speech & audio	exists	
computer vision	62	modality	domains/modality: Vision & imaging	exists	
natural language processing	95	modality	domains/modality: Language & text	exists	
graph-based	62	modality	domains/modality: Graphs & relational	exists	
tabular	29	modality	domains/modality: Tabular & structured records	exists	
time series	11	modality	domains/modality: Time series & signals	exists	
cloud-points	1	modality	domains/modality: Vision & imaging > Range & 3D scene geometry	exists	LiDAR lands on `Active range measurement`
geospatial	4	modality + discipline	domains/modality: Vision & imaging > Multispectral & radar imagery (bigearthnet); Time series & signals (solar radiation); Graphs & relational > Physical & engineered networks (ieee 8500-node test feeder); data_sources/provenance: program-synthesised (cmip6)	exists + NEW	CORRECTED 2026-10-08: the first mapping covered only bigearthnet. Its four children land on four different axis combinations -- satellite imagery, a measured time series, a power-grid network, and climate-MODEL output. That is what a bad root looks like, so the no-tree conclusion stands; cmip6 is independent confirmation that program-synthesised is a real characteristic. #91 recorded geospatial VECTOR data as having no level-1 home; the test feeder shows the network case does have one
biology and chemistry	14	discipline + modality	domains/discipline: Chemical sciences, Biological sciences; domains/modality: Molecular & materials data	exists	
neuroscience	6	discipline + modality	domains/discipline: Basic medicine; domains/modality: Time series & signals > Waveform signals	exists	EEG/MEG are waveforms; the discipline is the other half
click-through rate	1	task	domains/modality: Tabular & structured records > Transactional & interaction logs > Implicit behaviour logs	exists	CTR data IS an implicit behaviour log; the task belongs to the paper, not the source
reinforcement learning environment	25	artifact type	data_sources/access: interactive	NEW	the admission rule's central case
simulation	0	provenance	data_sources/provenance: program-synthesised	NEW	empty root in v0; the characteristic is real, the node was not
large multi-modal benchmarks	1	artifact type	algorithms/role: R.eval + a set of data sources	exists	a suite is sources + a protocol; split that way the root dissolves
vision + nlp	21	modality combination	domains/modality: Multimodal > Vision-language	exists	maps EXACTLY -- the domains work already solved the compound-root problem
vision + physics-based	10	modality combination	domains/modality: Multimodal > Multi-sensor perception; Tabular > Low-dimensional state & proprioceptive vectors	exists	multi-valued modality
vision + rl	8	modality combination + artifact type	domains/modality: Vision & imaging + Tabular > Low-dimensional state & proprioceptive vectors; data_sources/access: interactive	exists + NEW	two characteristics at once, which is why it had to be a compound root
ignore	24	--	the drop branch	n/a	not a category
