# Stratified validation sample, seed 20260925. band	name	papers	quote
mid	Node Classification	5	Homophily principle, i.e., nodes with the same labels are more likely to be connected, has been believed to be the main reason for the performance superiority o
mid	Remote Sensing	11	Amidst changing patterns of forest disturbances, satellite remote sensing has been uniquely positioned to offer spatially extensive continuous monitoring of for
mid	Cybersecurity	3	Our approach combines game theory, combinatorial optimization, and cyber-security and aims to minimize the unexpected network disruptions caused by malicious cy
mid	Out-of-Distribution Detection	12	In this paper, we introduce a significant change of perspective. Instead of looking at each layer score independently, we cast the scores into a sequential repr
mid	Optimization in Machine Learning	4	a powerful generalization of SGD and SPGD is stochastic mirror descent (SMD), permitting better convergence guarantees by matching the geometry of the problem
mid	Intrinsic Motivation	3	We evaluate Motif’s performance and behavior on the challenging, open-ended and procedurally-generated NetHack game. Surprisingly, by only learning to maximize 
mid	Visual Reasoning	3	Visual reasoning for doubly right object recognition task. Motivated by prompting in NLP, we learn a why prompt from multimodal data, which allows us to instruc
mid	Privacy in Machine Learning	3	learning and releasing models that are inherently interpretable leaks information regarding the underlying training data. As such disclosure may directly confli
mid	Model Pruning	7	In this work, first, we investigate how attention heads impact fairness and performance in pre-trained transformer-based language models. We then propose a nove
mid	Inverse Reinforcement Learning	3	Regularized reinforcement learning (RL), particularly the entropy-regularized kind, has gained traction in optimal control and inverse RL.
mid	Automatic Speech Recognition	3	Modern multilingual automatic speech recognition (ASR) systems like Whisper have made it possible to transcribe audio in multiple languages with a single model.
mid	Explainability	4	Learning models that can explain their own decision is important for building trustworthy systems, especially in applications that require human-machine interac
mid	Astrophysics	15	Strong gravitational lensing is a natural phenomenon through which multiple, distorted images of luminous background sources are formed by the gravity of massiv
mid	Density Estimation	3	The Sparse Vector Technique, a composition of Above Threshold algorithms to find a sparse set of relevant queries among a large set. It is a common privacy prim
mid	Image Segmentation	6	Metric-related pitfalls...are discussed in the specific context of classification problems, i.e., image analysis problems that can be considered classification 
mid	Deep Learning	177	This work introduces a novel principle for disentanglement we call mechanism sparsity regularization, which applies when the latent factors of interest depend s
mid	Cosmology	5	Bright quasars at z ≳ 6 are powered by billion solar mass black-holes (BHs) that lie well above the local BH mass - galaxy dynamical mass correlation (Neeleman 
mid	Protein Structure Prediction	5	Specifically, amino acid side-chains play a critical role in the stability and specificity of protein structures by forming hydrogen bonds, hydrophobic interact
mid	Model Robustness	7	Our experiments further reveal a significant difference in robustness to adversarial triggers between models Aligned by Preference Optimization (APO) and models
mid	Predictive Modeling	3	We develop a novel statistical approach to this problem. [...] we further develop a trip-specific Gaussian-based predictive distribution
mid	Neuroanatomy	3	To pave the way for ‘precision-medicine’ approaches, it is crucial to identify the cross-sectional and, given the developmental nature of autism, longitudinal n
mid	Graph Learning	7	Unlike previous works, we tackle the problem of HT detection in a novel way by finding similarity-based clusters of ads and leveraging the connections between t
mid	Stochastic Programming	4	To handle the challenges brought by the two uncertainty sources, regular employee and reserve employee absences, we formulate this problem as a two-stage stocha
mid	Mathematical Reasoning	3	We show a 1.5 gain in average accuracy (4.5 % relative gain)....The experiment results show that by adding planning tokens at training time, we are able to impr
mid	Machine Learning	249	We then focus on peptide length prediction as a subtask of the full de novo sequencing problem to demonstrate its potential usefulness in database-driven peptid
mid	Transformers	13	Given the remarkable achievements of Transformers in language modeling tasks, and their improved performance at scale on hard NLP tasks such as reasoning and qu
mid	Recurrent Neural Networks	8	In this paper, we investigate one of the most popular RL algorithms for POMDPs: Recurrent Qlearning (RQL), which uses a recurrent neural network (RNN) for appro
mid	Citizen Science	3	Citizen science eforts, which aim to involve non-scientists in the solving of scientifc problems, often struggle with fnding enough participants to address larg
mid	Digital Health	6	Digital health has added numerous promising solutions to enhance the health and wellness of people with neurocognitive disorders (NCDs) and their informal careg
mid	Magnetic Resonance Imaging	3	Ultra-high field MRI (UHF; ≥ 7T) has revolutionized the field of human neuroimaging, offering unprecedented spatial resolution and contrast compared to MRI scan
mid	Medical Research	4	We explore existing evidence-based management recommendations and the mismatch with practice patterns for four common outpatient pediatric surgical conditions.
mid	Neural Network Verification	5	this new family of specifications called neural representation as specification. This form of specifications uses the intrinsic information of neural networks, 
mid	Benchmarking	7	We present the Temporal Graph Benchmark (TGB), a collection of challenging and diverse benchmark datasets for realistic, reproducible, and robust evaluation of 
mid	Model Interpretability	7	Our extensive analysis of the effects of fine-tuning shows: (i) fine-tuning rarely alters the underlying model capabilities; (ii) a minimal transformation, whic
mid	Online Learning	4	Online meta-learning considers a sequential setting, where the agent progressively accumulates knowledge and uses past experience to learn good priors and to qu
mid	Cancer Immunotherapy	3	Given the growing interest in TAs shared between tumor cells, we assessed the clonality of 45 MAPs whose coding sequences were overexpressed by cancer cells thr
mid	Robotic Manipulation	4	This paper aims to learn robot policies for door opening that are more in line with human manipulation, by leveraging high-resolution visual and tactile feedbac
mid	Deep Reinforcement Learning	34	In this work, we start by characterizing churn in a view of Generalized Policy Iteration with function approximation, and we discover a chain effect of churn th
mid	Pediatric Surgery	16	Introduction: Surgically correctable congenital anomalies are responsible for a significant burden of morbidity and mortality in children from low-and lower-mid
mid	Multimodal Learning	15	Gemini 1.5 Pro is built to handle extremely long contexts; it has the ability to recall and reason over fine-grained information from up to at least 10M tokens.
mid	Bayesian Optimization	5	The past decade has seen significant progress in multi-fidelity Bayesian optimisation (BO) [22, 59], including methods that leverage the potential of deep neura
mid	Structural Biology	4	Our model consists of a trigonometry-aware encoder that reasons geometrical constraints and interactions from context features, and a roto-translation equivaria
mid	Computer Graphics	9	This paper concerns recovering injective, low-distortion mappings of triangular and tetrahedral meshes under given constraints. The ability to compute such maps
mid	Signal Processing	6	The canonical polyadic (CP) tensor decomposition method is used to estimate the rank of the tensor that denotes the number of paths including line-of-sight and 
mid	Neural Network Optimization	8	In this work, we focus on linear (mode) connectivity where a lack of significant loss/error barriers between networks indicates a certain degree of flatness or 
mid	Object-Centric Learning	4	Learning object-centric representations can further help to identify the relational and compositional structure among objects and enables the agent to reason ab
mid	Uncertainty Quantification	5	We propose Randomized Utility-driven Synthesis of Uncertain REgions (R-U-SURE), an approach for building uncertainty-aware suggestions based on a decision-theor
mid	Continuous Control	10	Both in continuous control, with SAC in DeepMind Control Suite (Haarnoja et al., 2018; Tassa et al., 2018), and discrete control, with SPR in Atari 100k (Schwar
mid	Phylogenetics	4	phylogenetic and intra-host single nucleotide variant (iSNV) analysis of viral sequences, we found several viral populations containing immune escape mutations
mid	Functional Magnetic Resonance Imaging (fMRI)	4	One of the biggest challenges in neuroscience is separating signal from noise (1). In functional neuroimaging generally, and in human connectomics investigation
tail	Protein Language Models	1	Furthermore, we propose to leverage the available protein language model pretrained on protein sequences to enhance the self-supervised learning.
tail	Lifespan Development	1	Thus, understanding the impact of global signal regression is important for interpreting both past and future studies focusing on age or lifespan FC association
tail	Obstacle Avoidance	1	The method can be equipped with an obstacle avoidance module for convex object pairs to guarantee no collisions.
tail	Policy Evaluation	1	These findings have consequences for both theoreticians and practitioners. For the former, QTD represents a distinct fundamental approach to the problem of valu
tail	Probability and Statistics	1	The number of data points lying in the region follows a binomial distribution with a parameter equal to the region’s true probability mass.
tail	Automated Program Repair	1	Recurring fix patterns can be useful to devise automated strategies.
tail	Artificial Intelligence Ethics	1	By refusing to engage, some AI researchers are neglecting ethical responsibilities and betraying public trust.
tail	Partial Monitoring (PM)	1	We propose a novel foundation for OAL tasks based on partial monitoring, a theoretical framework specialized in online learning from partially informative actio
tail	SAT Solving with Graph Neural Networks	1	To address this crucial gap, we present G4SATBench, the first benchmark study that establishes a comprehensive evaluation framework for GNN-based SAT solvers.
tail	Patient Decision Aids Evaluation	1	Describe the purpose of the evaluation study with respect to the patient decision aid.
tail	Computational Phenotyping	1	...applying machine learning methods, especially the unsupervised ones, to automatically extract phenotypes from large-scale EHR data without intensive human su
tail	Radiation Science	1	This review provides a concise historical summary of contributions from a selected group of pioneering women in radiation science.
tail	Decentralized Control	1	optimal decentralized control, dynamic team theory
tail	Artificial Intelligence Safety	1	Additionally, this functional form accurately models & extrapolates scaling behavior that other functional forms are incapable of expressing such as the non-mon
tail	Compression Algorithms	1	we take a holistic look at the problem and design a family of privacy-aware compression mechanisms.
tail	Travelling Salesman Problem	1	We apply this technique to the well-known Held-Karp Lagrangian relaxation for the travelling salesman problem.
tail	Label Cleaning	1	In total, we summarize the content of 101 papers and provide 24 future work directions. Our review can serve as a basis for researchers and practitioners to und
tail	High-Dimensional Inference	1	Recently there has been substantial interest in applying SBI in high-dimensional parameter spaces.
tail	Empirical Analysis of Algorithms	1	We benchmark a broad range of GNN models across various prediction tasks, training objectives, and inference algorithms.
tail	Vehicle Routing Problem with Time Windows	1	For our tests, we chose to use two well-known problems in the literature: the vehicle and crew scheduling problem (VCSP) and the vehicle routing problem with ti
tail	Multimodal Alignment	1	We evaluate models from four different model families trained with different amounts of pretraining data, as well as recent architectures that leverage frozen l
tail	Theory of Mind	1	Theory of Mind (ToM) or mentalizing refers to the ability to entertain and manipulate representations of others’ mental states such as beliefs, intentions, or e
tail	Graph Generative Models	1	We describe a new setting for learning a deep graph generative model (GGM) from aggregate graph statistics, rather than from the graph adjacency matrix... We in
tail	Outbreak Detection	1	Our study presents a framework for using global genomic submission data to develop ‘gold standard’ dates about the onset of outbreaks...
tail	Building and Indoor Environment Modeling	1	Data-driven models have drawn extensive attention in the building domain in recent years.
tail	Graph Positional Encoding	1	the insight of positional encodings for GNNs using Laplacian eigenvectors, for an example, while the remainder is included in the appendix.
tail	Bipedal Robotics	1	This work aims to push the limits of agility for bipedal robots by enabling a torque-controlled bipedal robot to perform robust and versatile dynamic jumps in t
tail	Event Classification	1	This indicates great potential for EBM-based new physics detection at the LHC.
tail	Neural-Symbolic Learning	1	We introduce a novel interpretation method that decodes a set of logical rules as a weighted MaxSAT formula from SATNet and enables the flexible integration of 
tail	Energy Prediction	1	This dataset was specifically designed to train ML models to predict the relaxed energy of 3D adsorbate-catalyst (adslab) systems, a critical property that infl
tail	Social Welfare Optimization	1	This work expands the applicability of multi-agent RL in partially competitive environments and provides a new pathway towards achieving improved social welfare
tail	Object Tracking	1	Our empirical study focuses on evaluating adversarial robustness of object trackers based on bounding box versus binary mask predictions, and attack methods at 
tail	Machine Learning for Climate Science	1	The machine learning (ML) community has taken increased interest in supporting the climate science community in their efforts to scale and accelerate climate-re
tail	Traffic Scene Generation	1	We illustrate the utility of this model via applications including (1) complex traffic scene generation conditioned on visually specified map information, and (
tail	Human Factors and Ergonomics	1	Vigilance, Simulated driving, Karolinska sleepiness scale, Stanford sleepiness scale, Psychomotor vigilance task, Driving behaviour, Driving safety, Adaptive co
tail	Multimodal Model Evaluation	1	In this paper, we probe multimodal models to understand whether they can answer elementary questions about the specific visual content in charts.
tail	Quantitative MRI	1	Quantitative MRI aims to extract reproducible measures more directly related to tissue properties.
tail	Deep Learning for Smart Buildings	1	This research combines distributed optimization using ADMM with Deep Learning models to plan indoor temperature setpoints effectively.
tail	Teaching Aids	1	M-TAG also provides basic validated examples for some common detector development tasks.
tail	Pharmacoeconomics	1	Targeting non­adherence while raising patient awareness to PIMs may have a synergistic effect because elimination of PIMs will reduce the number of drugs in a p
tail	Doctor-Patient Communication	1	this review aims to explore the current use of AI and VR in doctor-patient surgical risk communication.
tail	Knowledge Graphs	1	These complex interactions and temporal dependencies can be captured by multi-relational temporal graphs. In recent years, various approaches have emerged to pr
tail	Data Augmentation in Medicine	1	To address such limitations, data augmentation is a set of techniques to increase the size of a dataset without collecting and annotating more real data.
tail	Linguistic Semantics	1	These ambiguities offer rich insights into the interaction between semantic structure and world knowledge in language processing.
tail	Simultaneous Localization and Mapping	1	In this paper, we propose a novel lightweight LiDAR odometry method which directly matches 3D feature points extracted from intensity images.
tail	Video Perception	1	We find existing video perception models fail because they are not able to perceive the correct motion.
tail	Vision-Based Robot Navigation	1	Index Terms—Vision-Based Navigation, Deep Learning for Visual Perception
tail	MRI	1	Purpose: T 1 mapping is a widely used quantitative MRI technique.
tail	Autonomous Mobility on Demand	1	We study vehicle dispatching in autonomous mobility on demand (AMoD) systems, where a central operator assigns vehicles to customer requests or rejects these wi
tail	Compositional Generalization	1	Since the UT setting is a specific case of SUT, we show on the Compositional Freebase Questions (CFQ; Keysers et al. 2019) tasks that UTs have better compositio
tail	Ethics in NLP	1	The process we followed to develop FairPrism offers a recipe for building improved datasets for measuring and mitigating harms caused by AI systems.
tail	Membership Inference Attacks (MIAs)	1	This makes GANs vulnerable to Membership Inference Attacks (MIAs).
tail	Vision-Language Compositionality	1	Our method better leverages available datasets by refining and expanding the standard image-text contrastive learning framework.
tail	Uncertainty Estimation in Deep Learning	1	In this work, we demonstrate how to reliably estimate epistemic uncertainty while maintaining the flexibility needed to capture complicated aleatoric distributi
tail	Explainable Artificial Intelligence (XAI)	1	To address these concerns, the field of eXplainable AI (XAI) was introduced, and various post-hoc explanation methods were proposed to provide insight into comp
tail	Electric Vehicle Charging Detection	1	We develop a method that can accurately detect the EV charging events from smart meter data through a mixed-integer convex program, which can be solved in a com
tail	Personality and Social Psychology	1	This article was submitted to Personality and Social Psychology, a section of the journal Frontiers in Psychology
tail	Congenital Anomalies	1	This study aims to identify feasible screening methods for surgically correctable congenital anomalies in LMICs.
tail	Model Quantization	1	We introduce a training method for minimizing inference bitlength at any granularity while maintaining accuracy.
tail	Self-Organizing Networks	1	Load balancing has often been studied under the larger umbrella of self-organizing networks (SON).
tail	Optimization Techniques	1	In this work, we investigate if the recent progress in the emerging area of learned optimizers can potentially close this gap while remaining communication-effi
tail	Planning with Uncertainty	1	We study the problem of planning under model uncertainty in an online meta-reinforcement learning (RL) setting where an agent is presented with a sequence of re
tail	Code Summarization	1	This study explores the field of software reverse engineering through the lens of code summarization, which involves generating informative and concise summarie
tail	Mixed-Integer Linear Programming	1	The expressive and computationally efficient bipartite Graph Neural Networks (GNN) have been shown to be an important component of deep learning enhanced Mixed-
tail	Transformers in Vision	1	We use a Vision Transformer (ViT) (Dosovitskiy et al., 2020; Arnab et al., 2021) as our video backbone.
tail	Economic Policy Simulation	1	integrating machine learning with traditional economic policy analysis
tail	Computational Physics	1	The gravitational N-body problem is being solved numerically to model systems ranging from icy fragments within the rings of Saturn up to the cosmological scale
tail	Instance Segmentation	1	During this step, the category mapping assigns the given problem to the appropriate image processing category, namely image-level classification, semantic segme
tail	Language Model	1	Our implementations make use of the pre-trained language models BERT (Devlin et al., 2019) and XLNet (Yang et al., 2019).
tail	Code Completion	1	We conduct experiments on the task of single-line code auto-completion using code repositories taken from Google Code archives.
tail	Molecule Classification	1	In molecule classification applications, Weave [18] explicitly learns both the atom- and bond-level representation during message passing.
tail	Cooperative Reinforcement Learning	1	Cooperative MARL is concerned with a special learning setting with common rewards shared across all agents, where agents must coordinate their strategies to ach
tail	Stochastic Gradient Descent	1	Combined with asynchronous peer-to-peer (p2p) communications, these methods can streamline the overall training process, mitigating common bottlenecks
tail	Simulated Annealing	1	Fast-Converging Simulated Annealing for Ising Models Based on Integral Stochastic Computing
tail	Immunotherapy in Hematology	1	This study positions immunotherapy as a promising approach to target AML heterogeneity
tail	Computer Programming	1	Despite the huge success of Large Language Models (LLMs) in coding assistants like GitHub Copilot, these models struggle to understand the context present in th
tail	Statistical Downscaling	1	Statistical Downscaling (SD) techniques attempt to overcome this limitation by learning a relationship between large-scale (low-resolution) data and local-scale
tail	Deep Learning Architectures	1	We use a Siamese recurrent neural network architecture to learn rewards in space and time between motion clips while training an RL policy to minimize this dist
tail	Dynamic Graph Representation Learning	1	Dynamic Graph Representation Learning. Recently there is a surge of interest towards temporal networks.
tail	Stochastic Computing	1	The proposed method approximates the p-bit function based on an extension of stochastic computing called integral stochastic computing.
tail	Environmental Science	1	Carbon monoxide (CO) is a hazardous gas discharged during municipal solid waste incineration (MSWI).
tail	Task and Motion Planning	1	unlike traditional TAMP algorithms, STAMP solves TAMP in a fully differentiable manner.
tail	Equivariant Deep Learning	1	Our proposed equivariant adaptation of large pretrained models can help their domain-specific applications with known symmetry priors.
tail	Model Fairness	1	We also discover that scalar invariant neural networks exhibit complete fairness when predicting zero images.
tail	Satellite Communication Systems	1	High throughput satellites (HTS), with their digital payload technology, are expected to play a key role as enablers of the upcoming 6G networks.
tail	Alpha-Emitter Radiation Therapy	1	Diffusing alpha-emitter radiation therapy (DaRT) is a novel brachytherapy treatment modality that uses short-lived alpha-emitting atoms generated from ^{224}Ra 
tail	Environmental Justice	1	we are particularly concerned with equity and environmental justice
tail	Fairness and Interpretability in Machine Learning	1	Fairness and interpretability are fundamental requirements for the development of responsible machine learning.
tail	Data Quality and Metadata Inference	1	We introduce the problem of Metadata Archaeology as the task of surfacing and inferring metadata of different examples in a dataset.
tail	Brachytherapy Dosimetry	1	RapidBrachyTG43: A Geant4-based TG-43 parameter and dose calculation module for brachytherapy dosimetry
tail	Operational Research in Public Transportation	1	The multiple depot vehicle scheduling problem (MDVSP) is one of the most studied problems in public transport service planning.
tail	Byzantine Robustness	1	This work addresses this gap and proposes Byz-VR-MARINA—a new Byzantine-tolerant method with variance reduction and compression.
tail	Computing Research	1	A growing body of scholarship has identified a wide range of harms across different algorithmic technologies. However, computing research and practitioners lack
tail	Infectious Disease Epidemiology	1	Background Our understanding of the global scale of SARS-CoV-2 infection remains incomplete: routine surveillance data underestimates infection and cannot infer
tail	Amortized Inference	1	We present a new algorithm for amortized inference in sparse probabilistic graphical models (PGMs), which we call Δ-amortized inference (Δ-AI).
tail	Rule-based Learning	1	We propose Invariant Causal Set Covering Machines (ICSCM), an extension of the Set Covering Machine algorithm (Marchand & Shawe-Taylor, 2002).
tail	Visual Question Answering (VQA)	1	Using CLEVR-MRT we examine standard methods, show how they fall short, then explore novel neural architectures that involve inferring volumetric representations
tail	Model Stealing	1	This is the question studied by the field of model stealing (Tramèr et al., 2016): the ability of an adver-sary to extract model weights by making queries its A
tail	Learning with Noisy Labels	1	We approach the problem of improving robustness of deep learning algorithms in the presence of label noise.
tail	Geriatric Care	1	...the screening/monitoring, diagnosis, and/or treatment of COVID-19 among older adults.
