node_id	name	parent_id	depth	oecd_code	characteristic	positive_test	negative_test	examples	corpus_names	corpus_mentions	notes
natural-sciences	Natural sciences		1	1	OECD FOS field: the science of the non-artefactual world	the work's claim is about nature, number or computation as such	a claim about an engineered artefact's performance (branch 2) or about a patient population (branch 3)		0	0	OECD level 1, fixed.
engineering-and-technology	Engineering & technology		1	2	OECD FOS field: the design and operation of artefacts	the work advances how a built system is designed, controlled or manufactured	the artefact is the learning algorithm itself -> Method axis, not here		0	0	OECD level 1, fixed. Robotics lives here (2.2), not as a top branch.
medical-and-health-sciences	Medical & health sciences		1	3	OECD FOS field: human health as the object of knowledge	the knowledge advanced is about human health, disease, care or populations	non-human biology -> 1.6; device engineering with no clinical claim -> 2.6		37	70	OECD level 1, fixed. Largest branch in this corpus; that asymmetry is a finding, never engineered away. Top surfaces: Healthcare, Healthcare AI, Medical Research, Artificial Intelligence in Medicine.
agricultural-and-veterinary-sciences	Agricultural & veterinary sciences		1	4	OECD FOS field: managed biological production systems	the knowledge advanced concerns crops, livestock, forests, fisheries or animal health	wild-organism biology -> 1.6 ecology/zoology; food retail -> Sector axis		0	0	OECD level 1, fixed. Near-empty here; kept because it is OECD's and because agri-ML is large outside this institute.
social-sciences	Social sciences		1	5	OECD FOS field: human behaviour, institutions and their study	the knowledge advanced is about people, groups, markets, institutions or learning	a demand made on an AI system (fairness, accountability) -> Desired properties axis		0	0	OECD level 1, fixed.
humanities	Humanities		1	6	OECD FOS field: interpretation of human culture and thought	the knowledge advanced is about language, art, history, or philosophical argument	language as a signal the model consumes -> Modality axis; NLP as machinery -> Method axis		0	0	OECD level 1, fixed. Nearly empty in this corpus; reported, not balanced.
uninformative	Uninformative		1			the surface is on-axis but names no field at any granularity	a name that says nothing about discipline at all is ABSENT from this axis, not uninformative (AXES.md 8b)		0	0	Required by AXES.md 8b. Excluded from this axis's shares. Legitimately near-empty here, for the same reason as the properties axis (D-P4/D-P5): vague-but-on-axis surfaces are absorbed as branch-level surfaces on the field nodes.
mathematics	Mathematics	natural-sciences	2	1.1	which kind of mathematical claim	the paper's contribution is a mathematical or statistical result stated for its own field	optimisation, game theory, information theory and learning theory supply machinery to ML and are Method (AXES.md 7)		0	0	Thin by construction: this axis exports most maths-shaped names to Method.
computer-and-information-sciences	Computer & information sciences	natural-sciences	2	1.2	which non-learning area of computing	the served field is a computing discipline that predates and survives machine learning	core AI/ML/DL machinery is NOT here: it is Method, Modality or Task. See RATIONALE D1.		0	0	OECD's own scope note places AI and bioinformatics inside 1.2; we deviate on both. Declared defect.
physical-sciences	Physical sciences	natural-sciences	2	1.3	which physical system is under study	the claim is about matter, energy, fields or astronomical objects	physics used as an inductive bias (PINNs, physics-guided learning) is Method		7	11	Full OECD L3 set kept: the institute has live astro/HEP collaborations and ML-for-fluids/optics is large outside it. Top surfaces: Physics, Physical Systems, Machine Learning for Physical Sciences, Deep Learning in Experimental Physics.
chemical-sciences	Chemical sciences	natural-sciences	2	1.4	which chemical subdiscipline	the claim is about molecules, reactions or chemical matter	a molecule as a data structure the model consumes -> Modality; therapeutic intent -> 3.1 pharmacology		0	0	OECD's L3 (organic/inorganic/physical/analytical) does not accommodate computational chemistry; see RATIONALE D4.
earth-and-environmental-sciences	Earth & related environmental sciences	natural-sciences	2	1.5	which earth system is under study	the claim is about the atmosphere, oceans, land surface or climate	remote sensing as an instrument -> 2.7; energy markets -> Sector axis		0	0	
biological-sciences	Biological sciences	natural-sciences	2	1.6	which level of biological organisation	the claim is about living systems other than human health	neuroscience is OECD 3.1, not here; human disease -> branch 3		9	81	Branch-level surface: Bioinformatics / Computational Biology name this node and nothing narrower (AXES.md 7). Top surfaces: Bioinformatics, Computational Biology, Biological Sequence Design, Natural Language Processing (NLP) for Biological Sequence Design.
civil-engineering	Civil engineering	engineering-and-technology	2	2.1	which built structure	the claim is about buildings, structures or transport infrastructure as engineered objects	transit operations and fleet routing -> Sector axis (AXES.md 7b)		0	0	
electrical-and-electronic-engineering	Electrical, electronic & information engineering	engineering-and-technology	2	2.2	which electrical or control artefact	the claim is about electrical, control, communication or computing hardware	control *theory* is Method; control *engineering of a plant* is here (AXES.md 7)		0	0	Robotics sits here. OECD demotes it from the top branch it had in the rejected derivation.
mechanical-engineering	Mechanical engineering	engineering-and-technology	2	2.3	which mechanical system	the claim is about mechanics, thermodynamics or vehicles	robot control -> 2.2		0	0	
chemical-engineering	Chemical engineering	engineering-and-technology	2	2.4	process or product	the claim is about chemical production at plant scale	molecular-level chemistry -> 1.4		0	0	
materials-engineering	Materials engineering	engineering-and-technology	2	2.5	which class of material	the claim is about the design or processing of a material	the electronic-structure physics of a solid -> 1.3 condensed matter		0	0	
medical-engineering	Medical engineering	engineering-and-technology	2	2.6	which class of medical artefact	the claim is about a device, instrument or assay used in medicine	a claim about patients rather than the device -> 3.2		0	0	
environmental-engineering	Environmental engineering	engineering-and-technology	2	2.7	which environmental resource is engineered	the claim is about instrumented or engineered management of environmental resources	earth-system science itself -> 1.5		0	0	
basic-medicine	Basic medicine	medical-and-health-sciences	2	3.1	which biomedical system, studied pre-clinically	the claim is about human biology as a substrate of health, not about patient care	care delivery -> 3.2/3.3; non-human organisms -> 1.6		0	0	OECD files *neurosciences* here. AXES.md 7 says 1.6; that is wrong about OECD (RATIONALE D2).
clinical-medicine	Clinical medicine	medical-and-health-sciences	2	3.2	which clinical specialty	the claim concerns diagnosis, treatment or prognosis in patients	population-level claims -> 3.3 epidemiology/public health		0	0	OECD lists ~25 L3 specialties; we instantiate the 13 the corpus reaches plus a residual. Highest branching factor on the axis.
health-sciences	Health sciences	medical-and-health-sciences	2	3.3	which population- or system-level health question	the claim is about populations, services, records or the ethics of care	an individual patient's diagnosis -> 3.2		0	0	
medical-biotechnology	Medical biotechnology	medical-and-health-sciences	2	3.4	which biological entity is manipulated therapeutically	the claim is about engineering cells, genes or biomaterials for health	descriptive omics with no therapeutic manipulation -> 1.6 or 3.1		0	0	
agriculture-forestry-and-fisheries	Agriculture, forestry & fisheries	agricultural-and-veterinary-sciences	2	4.1	which managed production system	the claim is about producing crops, timber or fish	wild biodiversity -> 1.6 biodiversity conservation		0	0	
animal-and-dairy-science	Animal & dairy science	agricultural-and-veterinary-sciences	2	4.2		the claim is about livestock production	wild or laboratory animal behaviour -> 1.6 zoology		0	0	Leaf: kept from OECD, zero corpus support. Splitting it would be invention.
veterinary-science	Veterinary science	agricultural-and-veterinary-sciences	2	4.3		the claim is about animal health and disease	human health -> branch 3		0	0	Leaf, zero corpus support. Real blind spot: veterinary ML is an active field elsewhere.
agricultural-biotechnology	Agricultural biotechnology	agricultural-and-veterinary-sciences	2	4.4		the claim is about engineering agricultural organisms	plant biology with no agricultural intent -> 1.6 plant sciences		0	0	Leaf, zero corpus support.
psychology-and-cognitive-sciences	Psychology & cognitive sciences	social-sciences	2	5.1	which level of mental or behavioural explanation	the claim is about mind, cognition or behaviour	the nervous system as biological substrate -> 3.1 neurosciences; a psychiatric disorder -> 3.2		0	0	One of the three destinations of the neuroscience split.
economics-and-business	Economics & business	social-sciences	2	5.2	theory, measurement or organisation	the claim is about markets, incentives, firms or economic measurement	operations research and game theory supply machinery -> Method (AXES.md 7)		0	0	
educational-sciences	Educational sciences	social-sciences	2	5.3	which aspect of instruction	the claim is about teaching, learning or curricula in people	machine 'learning' -> Method; a model's in-context learning -> Method		0	0	Homonym risk is severe: 'learning' is the most overloaded token on this axis.
sociology	Sociology	social-sciences	2	5.4	which social aggregate	the claim is about social structure, populations or social policy	algorithmic fairness as a demand on a model -> Desired properties axis		0	0	
law	Law	social-sciences	2	5.5	norms or their breach	the claim is about legal rules, regulation or governance	ethical desiderata for AI systems -> Desired properties axis (AXES.md 8b)		0	0	Boundary with the properties axis is genuinely contested; see RATIONALE D6.
political-science	Political science	social-sciences	2	5.6		the claim is about political institutions or public administration	'policy' in the RL sense -> Method (declared homonym)		0	0	Leaf, ~1 corpus mention. Splitting it would be invention.
social-and-economic-geography	Social & economic geography	social-sciences	2	5.7	which spatial human system	the claim is about the spatial organisation of human activity	physical geography -> 1.5 geosciences; transit operations -> Sector axis		0	0	
media-and-communications	Media & communications	social-sciences	2	5.8	which communication institution	the claim is about media, journalism or information institutions	text as a signal -> Modality axis		0	0	
history-and-archaeology	History & archaeology	humanities	2	6.1		the claim is about the human past	a time series that happens to be long -> Modality axis		0	0	Leaf, zero corpus support. Kept: digital humanities is a large ML application area this institute has not touched.
languages-and-literature	Languages & literature	humanities	2	6.2	language as object of study, or its artefacts	the claim is about language itself or about literary texts	Natural Language Processing (306 mentions) is machinery and modality, NOT a contribution to linguistics		0	0	The single most consequential negative test on this axis.
philosophy-ethics-and-religion	Philosophy, ethics & religion	humanities	2	6.3	argument about knowledge, value or belief	the contribution is philosophical argument	ethics tied to a specific subfield goes to that subfield (OECD's own exclusion): medical ethics -> 3.3, AI ethics -> Desired properties		0	0	
arts	Arts	humanities	2	6.4		the claim is about artistic practice or its history	generating an image or a tune is a Task on a Modality, not a contribution to art history		0	0	Leaf, zero corpus support. Music/image generation names are Task x Modality, not musicology.
pure-mathematics	Pure mathematics	mathematics	3			the result is a theorem about an abstract structure	an algorithm whose point is to compute something -> Method	Quantitative Algebra; Geometry; Topology	4	4	Top surfaces: Quantitative Algebra, Mathematics of Deep Learning, Mathematics & Theory, Geometry.
applied-mathematics	Applied mathematics	mathematics	3			the result is a mathematical treatment of a modelled system	numerical machinery used to train a network -> Method	Partial Differential Equations; Dynamical Systems; Mathematical Modelling	5	10	Top surfaces: Dynamical Systems, Partial Differential Equations, Partial Differential Equation Solvers, Mathematical Modelling.
statistics-and-probability	Statistics & probability	mathematics	3			the paper names statistics as the field it contributes to	estimators and learning theory used as ML machinery -> Method	Biostatistics; High-dimensional Statistics; Probability and Statistics	10	10	Top surfaces: Statistics and Meta-analysis, Statistics, Statistical Manifolds, Statistical Inference.
software-engineering	Software engineering	computer-and-information-sciences	3			the object of study is how software is built, tested or maintained	a model that writes code is Task > Code generation unless the claim is about the engineering practice	Empirical Software Engineering; Software Testing; Open Source Software	19	61	Top surfaces: Software Engineering, Software Testing, Empirical Software Engineering, Software Maintenance.
human-computer-interaction	Human-computer interaction	computer-and-information-sciences	3			the object of study is the interface between people and computing systems	a claim about the user's cognition rather than the interface -> 5.1	Human-Robot Interaction; Collaborative and Social Computing; Accessibility	8	40	Top surfaces: Human-Computer Interaction, Human-Centered Computing, Social Computing, Human-Computer Interaction (HCI).
computer-security	Computer security	computer-and-information-sciences	3			the object of study is an attack or defence on a deployed system	adversarial robustness of a model -> Method/Desired properties, not here	IoT Security; Security in Infrastructure as Code; Software-Defined Networking	7	11	Top surfaces: Machine Learning Security, Cybersecurity, Security in Infrastructure as Code, Security and Privacy.
computer-graphics-and-visualisation	Computer graphics & visualisation	computer-and-information-sciences	3			the object of study is synthesising or displaying imagery	image generation as a task -> Task axis	Physically Based Rendering; 3D Geometry Processing; Augmented Reality	6	18	Top surfaces: Computer Graphics, Augmented Reality, 3D Modeling, Augmented Reality (AR).
information-retrieval	Information retrieval	computer-and-information-sciences	3			the object of study is search over a corpus as a system	Recommender Systems fails 'exists without AI' and is a Task (AXES.md 7)	Information Retrieval; Image Retrieval; Music Information Retrieval	4	24	Top surfaces: Information Retrieval, Image Retrieval, Music Information Retrieval (MIR), Cross-lingual Information Retrieval.
theory-of-computation	Theory of computation	computer-and-information-sciences	3			the result is about computability, complexity or automata	statistical learning theory -> Method (ACM files it here, we do not; see RATIONALE D5)	Automata Theory; Theoretical Computer Science; Computational Complexity	3	8	Top surfaces: Theoretical Computer Science, Automata Theory, Mathematical Structures in Computer Science.
data-management-systems	Data management systems	computer-and-information-sciences	3			the object of study is storing, querying or curating data at system level	curating a training set -> Method > Data curation	Database Systems; Data Mining; Technical Forum Data Mining	3	4	Top surfaces: Data Mining, Technical Forum Data Mining, Database Systems.
programming-languages	Programming languages	computer-and-information-sciences	3			the object of study is a language or its verification	program synthesis by a model -> Task axis	Programming Languages; Software Verification; Hardware Description Languages	1	1	Top surfaces: Programming Languages.
astronomy-and-astrophysics	Astronomy & astrophysics	physical-sciences	3			the object of study is outside the earth	remote sensing of the earth -> 2.7	Galaxy Formation and Evolution; Observational Astrophysics; Cosmology	13	34	Top surfaces: Astrophysics, Cosmology, Astronomy, Observational Astrophysics.
particles-and-fields-physics	Particles & fields physics	physical-sciences	3			the object of study is a fundamental particle or field	nuclear medicine -> 3.2	Neutrino Physics; High Energy Physics; Particle Physics	5	12	Top surfaces: High Energy Physics, Neutrino Physics, Particle Physics, Deep Learning in Particle Physics.
nuclear-physics	Nuclear physics	physical-sciences	3			the object of study is the nucleus	radiation dose to a patient -> 3.2 medical physics	Nuclear Science; Radiation Detection; Nuclear Structure	1	1	Top surfaces: Nuclear Science.
condensed-matter-physics	Condensed matter physics	physical-sciences	3			the object of study is the collective behaviour of solids or liquids	the engineering of a material for use -> 2.5	Electronic Structure Prediction; Phase Transitions; Spin Systems	0	0	No corpus support: speculative-keep (kept as OECD/established subfield so a 2023-2026 re-extraction has a home).
atomic-molecular-and-chemical-physics	Atomic, molecular & optical physics	physical-sciences	3			the object of study is a single atom or small molecule's physics	bulk chemical reactivity -> 1.4	Quantum Mechanics; Molecular Spectroscopy; Cold Atoms	1	1	Top surfaces: Quantum Mechanics (QM).
fluids-and-plasma-physics	Fluids & plasma physics	physical-sciences	3			the object of study is a flow or a plasma	atmospheric flow as climate -> 1.5	Turbulence Modelling; Plasma Confinement; Computational Fluid Dynamics	0	0	No corpus support: speculative-keep (kept as OECD/established subfield so a 2023-2026 re-extraction has a home).
optics	Optics	physical-sciences	3			the object of study is light and its instruments	a biological sample imaged under a microscope -> 1.6	Electron Microscopy; Microscopy Optimization; Computational Imaging	6	6	Top surfaces: Rendering Techniques, Rendering, Physically Based Rendering, Optics.
quantum-information-science	Quantum information science	physical-sciences	3			the object of study is quantum computation or quantum simulation	classical hardware acceleration -> 2.2	Quantum Computing; Quantum Simulations; Variational Quantum Algorithms	2	2	Top surfaces: Quantum Simulations, Quantum Computing.
physical-chemistry	Physical chemistry	chemical-sciences	3			the claim is about energetics, structure or dynamics of chemical matter	a molecule treated as a graph the model consumes -> Modality	Quantum Chemistry; Molecular Dynamics; Computational Chemistry	6	23	Top surfaces: Computational Chemistry, Quantum Chemistry, Molecular Dynamics, Machine Learning for Chemistry.
cheminformatics	Cheminformatics	chemical-sciences	3			the claim is about predicting or generating molecules as chemical entities	a therapeutic goal named in the surface -> 3.1 pharmacology	Molecular Property Prediction; Molecule Generation; Chemoinformatics	11	25	Top surfaces: Molecular Property Prediction, Molecular Machine Learning, Chemoinformatics, Molecule Generation.
organic-chemistry	Organic chemistry	chemical-sciences	3			the claim is about carbon-based synthesis or reactivity	protein or nucleic-acid biochemistry -> 1.6	Reaction Prediction; Retrosynthesis; Catalysis	0	0	No corpus support: speculative-keep (kept as OECD/established subfield so a 2023-2026 re-extraction has a home).
analytical-chemistry	Analytical chemistry	chemical-sciences	3			the claim is about measuring chemical composition	proteomics as biology -> 1.6	Mass Spectrometry Analysis; Spectral Deconvolution; Chromatography	0	0	No corpus support: speculative-keep (kept as OECD/established subfield so a 2023-2026 re-extraction has a home).
polymer-science	Polymer science	chemical-sciences	3			the claim is about macromolecular materials	biological macromolecules -> 1.6	Polymer Property Prediction; Copolymer Design; Macromolecular Simulation	0	0	No corpus support: speculative-keep (kept as OECD/established subfield so a 2023-2026 re-extraction has a home).
climate-science	Climate science	earth-and-environmental-sciences	3			the claim is about the climate system or its change	the energy market's response to climate -> Sector axis	Climate Model Emulation; Climate Data Downscaling; Climate Change Impact	8	11	Top surfaces: Climate Science, Climate Model Emulation, Climate Change Impact, Machine Learning for Climate Science.
meteorology-and-atmospheric-sciences	Meteorology & atmospheric sciences	earth-and-environmental-sciences	3			the claim is about weather or atmospheric composition	a generic forecasting method -> Method/Task	Weather Forecasting; Atmospheric Chemistry; Precipitation Nowcasting	0	0	No corpus support: speculative-keep (kept as OECD/established subfield so a 2023-2026 re-extraction has a home).
geosciences	Geosciences	earth-and-environmental-sciences	3			the claim is about the solid earth	geotechnical engineering of a site -> 2.7	Earthquake Monitoring; Seismic Inversion; Mineral Prospectivity	1	1	Top surfaces: Earthquake Monitoring.
hydrology-and-water-resources	Hydrology & water resources	earth-and-environmental-sciences	3			the claim is about water in the landscape	water treatment plant engineering -> 2.7	Streamflow Prediction; Flood Forecasting; Groundwater Modelling	0	0	No corpus support: speculative-keep (kept as OECD/established subfield so a 2023-2026 re-extraction has a home).
oceanography	Oceanography	earth-and-environmental-sciences	3			the claim is about the ocean as a physical or biogeochemical system	fisheries management -> 4.1	Ocean Circulation Modelling; Sea Ice Prediction; Marine Biogeochemistry	0	0	No corpus support: speculative-keep (kept as OECD/established subfield so a 2023-2026 re-extraction has a home).
environmental-sciences	Environmental sciences	earth-and-environmental-sciences	3			the claim is about environmental state or contamination across systems	social and justice aspects of environment -> 5.4/5.7	Environmental Monitoring; Environmental Health; Pollution Mapping	5	8	Top surfaces: Environmental Monitoring, Natural Environment, Environmental Sustainability and Artificial Intelligence, Environmental Sustainability.
biochemistry-and-molecular-biology	Biochemistry & molecular biology	biological-sciences	3			the claim is about proteins, nucleic acids or metabolites as molecules	a small-molecule drug's activity -> 3.1 pharmacology	Protein Structure Prediction; Proteomics; Structural Biology	15	37	Top surfaces: Proteomics, Protein Structure Prediction, Molecular Biology, Structural Biology.
cell-biology-and-microbiology	Cell biology & microbiology	biological-sciences	3			the claim is about cells or microorganisms	a human disease named in the surface -> branch 3	Single-cell Transcriptomics; Cell Biology; Microbial Genomics	14	22	Top surfaces: Single-cell Analysis, Microscopy, Single-cell Sequencing, Single-Cell Genomics.
virology	Virology	biological-sciences	3			the claim is about viruses as organisms	the epidemiology of an outbreak -> 3.3	Viral Genomics; Virology; Genomic Surveillance	2	5	Top surfaces: Virology, Viral Genomics.
genetics-and-heredity	Genetics & heredity	biological-sciences	3			the claim is about genomes, variation and inheritance	genetics of a named human disease -> 3.1 human genetics	Genomics; Population Genetics; Regulatory Genomics	24	64	Top surfaces: Genomics, Genetics, Health Economics, AI Governance.
plant-sciences	Plant sciences	biological-sciences	3			the claim is about plants as organisms	crop yield under management -> 4.1	Plant Biology; Plant Phenotyping; Botany	2	4	Top surfaces: Plant Biology, Plant Science.
zoology-and-behavioural-biology	Zoology & behavioural biology	biological-sciences	3			the claim is about animals and their behaviour	livestock production -> 4.2	Animal Behavior; Bioacoustic AI; Behavioral Ecology	3	3	Top surfaces: Bioacoustic AI, Animal Experimentation, Animal Behavior.
ecology	Ecology	biological-sciences	3			the claim is about organisms in relation to their environment	the earth system itself -> 1.5	Species Distribution Modeling; Trophic Ecology; Ecological Modelling	15	27	Top surfaces: Catastrophic Forgetting, Ecology, Species Distribution Modeling (SDM), Ecological Modeling.
biodiversity-conservation	Biodiversity conservation	biological-sciences	3			the claim is about maintaining biological diversity	generic environmental monitoring -> 1.5	Biodiversity Monitoring; Conservation Biology; Forest Biomass Monitoring	6	10	Top surfaces: Conservation Biology, Biodiversity Monitoring, Environmental Conservation, Biodiversity Modeling.
evolutionary-biology	Evolutionary biology	biological-sciences	3			the claim is about descent, selection or phylogeny	evolutionary *algorithms* are Method (declared homonym)	Phylogenetics; Evolutionary Biology; Molecular Evolution	3	8	Top surfaces: Phylogenetics, Evolutionary Biology, Galaxy Evolution.
systems-biology	Systems biology	biological-sciences	3			the claim is about a biological system as an interacting network	a graph learning method -> Method/Modality	Systems Biology; Biological Knowledge Graphs; Metabolic Network Modelling	2	4	Top surfaces: Systems Biology, Biological Knowledge Graphs.
architecture-engineering	Architecture engineering	civil-engineering	3			the claim is about the design of buildings as engineered systems	the urban fabric as a social object -> 5.7	Building and Indoor Environment Modeling; Data-driven Building Models; Deep Learning for Smart Buildings	5	7	Top surfaces: Data-driven Building Models, Deep Learning for Smart Buildings, Buildings and Urban Planning, Building and Indoor Environment Modeling.
construction-and-structural-engineering	Construction & structural engineering	civil-engineering	3			the claim is about load-bearing structures or construction processes	materials themselves -> 2.5	Structural Health Monitoring; Bridge Inspection; Construction Scheduling	0	0	No corpus support: speculative-keep (kept as OECD/established subfield so a 2023-2026 re-extraction has a home).
transport-engineering	Transport engineering	civil-engineering	3			the claim is about the physical transport network as infrastructure	transit service operations -> Sector axis; transport planning as social science -> 5.7	Traffic Signal Control; Transportation Networks; Pavement Condition Assessment	3	4	Top surfaces: Traffic Signal Control, Traffic Scene Generation, Human Trafficking Detection.
robotics-and-automation	Robotics & automation	electrical-and-electronic-engineering	3			the claim is about an embodied agent acting in the physical world	a simulated RL benchmark with no physical claim -> Method	Robotic Manipulation; Swarm Robotics; Multi-Robot Systems	20	51	Top surfaces: Robotics, Robotic Manipulation, Swarm Robotics, Robotic Motion Planning.
control-engineering	Control engineering	electrical-and-electronic-engineering	3			the claim is about regulating a physical plant	control *theory* as mathematical machinery -> Method (AXES.md 7)	Model Predictive Control; System Identification; Cyber-Physical Systems	5	16	Top surfaces: Control Systems, Model Predictive Control, Cyber-Physical Systems, System Identification.
telecommunications	Telecommunications	electrical-and-electronic-engineering	3			the claim is about communication networks or links	communication *efficiency* of distributed training -> Desired properties/Method	Wireless Communication; Cellular Network Optimization; Deep Learning for Wireless Communications	6	9	Top surfaces: Telecommunications, Cellular Network Optimization, Wireless Networks, Wireless Communication.
computer-hardware-and-architecture	Computer hardware & architecture	electrical-and-electronic-engineering	3			the claim is about the physical substrate that executes computation	a software-level efficiency technique -> Method > Model design	Hardware Acceleration; Neuromorphic Computing; Antenna Design	5	9	Top surfaces: Hardware Acceleration, Neuromorphic Computing, Neuromorphic Engineering, Hardware Description Languages.
electrical-power-engineering	Electrical power engineering	electrical-and-electronic-engineering	3			the claim is about generating or distributing electrical power	the energy market or utility's operations -> Sector axis	Optimal Power Flow; Power Systems; Smart Grids	3	5	Top surfaces: Power Systems, Smart Grids, Optimal Power Flow.
applied-mechanics-and-thermodynamics	Applied mechanics & thermodynamics	mechanical-engineering	3			the claim is about mechanical behaviour or heat	human musculoskeletal mechanics -> 2.6 biomechanics	Thermomechanical Processing; Finite Element Surrogates; Thermal Energy Storage	1	1	Top surfaces: Thermomechanical Processing.
aerospace-engineering	Aerospace engineering	mechanical-engineering	3			the claim is about flight vehicles	astronomy -> 1.3	Aerospace Engineering; Aerial Robotics; Flight Control	1	1	Top surfaces: Aerospace Engineering.
nuclear-engineering	Nuclear engineering	mechanical-engineering	3			the claim is about nuclear plant or reactor engineering	nuclear physics -> 1.3; nuclear medicine -> 3.2	Reactor Monitoring; Radiation Shielding Design; Fuel Cycle Modelling	0	0	No corpus support: speculative-keep (kept as OECD/established subfield so a 2023-2026 re-extraction has a home).
chemical-process-engineering	Chemical process engineering	chemical-engineering	3			the claim is about running a chemical process at scale	molecular-level chemistry -> 1.4	Chemical Process Optimization; Chemical Engineering; Process Control	2	2	Top surfaces: Chemical Process Optimization, Chemical Engineering.
chemical-product-engineering	Chemical product engineering	chemical-engineering	3			the claim is about formulating a chemical product	a polymer's intrinsic science -> 1.4	Formulation Design; Catalyst Scale-up; Product Property Prediction	0	0	No corpus support: speculative-keep (kept as OECD/established subfield so a 2023-2026 re-extraction has a home).
computational-materials-science	Computational materials science	materials-engineering	3			the claim is about discovering or designing a material	the electronic-structure physics itself -> 1.3	Materials Discovery; Machine Learning for Materials Science; Materials Modeling	9	14	Top surfaces: Materials Science, Material Science, Materials Modeling, Reinforcement Learning for Material Science.
ceramics-and-composites	Ceramics & composites	materials-engineering	3			the claim is about a specific structural material class	generic material discovery -> computational materials science	Composite Failure Prediction; Ceramic Sintering; Fibre Layup Optimisation	0	0	No corpus support: speculative-keep (kept as OECD/established subfield so a 2023-2026 re-extraction has a home).
coatings-and-films	Coatings & films	materials-engineering	3			the claim is about surface or thin-film materials	semiconductor device physics -> 1.3	Thin Film Growth Prediction; Coating Defect Detection; Surface Property Modelling	0	0	No corpus support: speculative-keep (kept as OECD/established subfield so a 2023-2026 re-extraction has a home).
remote-sensing	Remote sensing	environmental-engineering	3			the claim is about instrumented observation of the earth surface	the earth-system science the imagery serves -> 1.5; imagery as a signal -> Modality axis	Remote Sensing; Remote Sensing and Earth Monitoring; Satellite Image Analysis	2	13	Top surfaces: Remote Sensing, Remote Sensing and Earth Monitoring.
energy-and-fuels	Energy & fuels engineering	environmental-engineering	3			the claim is about producing, storing or converting energy as an engineering problem	an energy utility's operations or markets -> Sector axis (AXES.md 7b)	Energy Storage; Thermal Energy Storage; Energy Efficiency	13	14	Top surfaces: Energy Systems, Thermal Energy Storage, Energy Storage, Energy Prediction in Buildings.
water-engineering	Water engineering	environmental-engineering	3			the claim is about engineered water supply or treatment	hydrology as earth science -> 1.5	Water Treatment; Desalination Process Modelling; Leak Detection in Networks	1	1	Top surfaces: Water Treatment.
neural-engineering	Neural engineering	medical-engineering	3			the claim is about an interface or stimulator coupled to the nervous system	a claim about the nervous system itself -> 3.1 neurosciences	Brain-Computer Interfaces; Neuroprosthetics; Deep Brain Stimulation	8	15	Top surfaces: Neuromodulation, Brain-Computer Interfaces, Neurostimulation, Brain-Machine Interfaces.
medical-devices	Medical devices	medical-engineering	3			the claim is about a device or its simulation for clinical use	the treatment's clinical outcome -> 3.2	Medical Devices; Medical Simulation; Virtual Reality in Medicine	4	5	Top surfaces: Medical Simulation, Virtual Reality in Medicine, Medical Devices, 3D Printing in Medical Applications.
biomechanics	Biomechanics	medical-engineering	3			the claim is about mechanical behaviour of the body	a rehabilitation outcome -> 3.2	Biomechanics; Gait Analysis; Prosthesis Load Modelling	2	2	Top surfaces: Biomedical Engineering, Biomechanics.
medical-laboratory-technology	Medical laboratory technology	medical-engineering	3			the claim is about an assay or laboratory instrument	the biology being assayed -> 1.6 or 3.1	Clinical Microbiology; Assay Automation; Point-of-care Diagnostics	1	1	Top surfaces: Clinical Microbiology.
neurosciences	Neurosciences	basic-medicine	3			the claim is about the nervous system as a biological substrate	cognition or behaviour as the object -> 5.1; a neurological disease -> 3.2 clinical neurology	Computational Neuroscience; Neuroimaging; Connectomics	36	185	Top surfaces: Neuroscience, Neuroimaging, Computational Neuroscience, Magnetic Resonance Imaging (MRI).
immunology	Immunology	basic-medicine	3			the claim is about immune mechanism	clinical use of an immunotherapy -> 3.2 oncology	Immunology; Vaccine Immunology; Immunopeptidomics	6	14	Top surfaces: Immunology, Vaccinology, Vaccine Immunology, T-Cell Biology.
human-genetics	Human genetics	basic-medicine	3			the claim is about human genetic variation and disease risk	non-human or generic genomics -> 1.6 genetics & heredity	Medical Genetics; Psychiatric Genetics; ADHD Genetic Studies	7	7	Top surfaces: Radiogenomics, Pharmacogenomics, Medical Genomics, Medical Genetics.
pharmacology	Pharmacology	basic-medicine	3			the claim is about a compound's therapeutic action	the compound's chemistry with no therapeutic claim -> 1.4 cheminformatics	Drug Discovery; Drug Repurposing; Drug Response Prediction	7	14	Top surfaces: Drug Discovery, Pharmacology, Drug Synergy Prediction, Drug Response Prediction.
physiology	Physiology	basic-medicine	3			the claim is about normal organ or system function	a disease state -> 3.2	Cardiovascular System; Psychophysiology; Sleep Research	5	5	Top surfaces: Sleep Research, Psychophysiology, Physiological Psychology, Membrane Biology.
pathology	Pathology	basic-medicine	3			the claim is about disease mechanism or tissue diagnosis	a treatment decision -> 3.2	Digital Pathology; Cancer Transcriptomics; Histopathology Grading	1	1	Top surfaces: Histology.
radiology-and-medical-imaging	Radiology & medical imaging	clinical-medicine	3			the clinical image is the object, and the field served is diagnostic imaging	brain imaging used to study the nervous system -> 3.1 neurosciences; image data as a signal -> Modality axis	Medical Imaging; Medical Image Segmentation; Radiomics	18	99	Top surfaces: Medical Imaging, Medical Image Analysis, Medical Image Segmentation, Radiomics.
medical-physics	Medical physics	clinical-medicine	3			the claim is about dose, radiation transport or imaging physics	the patient's oncological outcome -> radiation oncology	Medical Physics; Dosimetry; Monte Carlo Simulations in Medical Physics	11	30	Top surfaces: Medical Physics, Dosimetry, Radiopharmaceutical Dosimetry, Radiolysis.
radiation-oncology	Radiation oncology	clinical-medicine	3			the claim is about delivering radiation as cancer treatment	dose computation physics -> medical physics	Brachytherapy; Radiation Therapy; Proton Therapy	8	27	Top surfaces: Brachytherapy, Radiation Therapy, Radiation Oncology, Radiotherapy.
oncology	Oncology	clinical-medicine	3			the claim is about cancer in patients	cancer genomics with no clinical claim -> 1.6 genetics & heredity	Cancer Research; Cancer Immunotherapy; Pediatric Oncology	14	26	Top surfaces: Oncology, Cancer Research, Cancer Immunotherapy, Radiomics and Machine Learning for Oncology.
clinical-neurology	Clinical neurology	clinical-medicine	3			the claim is about a neurological disease in patients	the healthy nervous system -> 3.1 neurosciences	Neurodegenerative Diseases; Neurology; Spinal Cord Injury Rehabilitation	9	15	Top surfaces: Neurology, Neurodegenerative Diseases, Spinal Cord Injury Rehabilitation, Spinal Cord Injury.
psychiatry	Psychiatry	clinical-medicine	3			the claim is about a psychiatric or neurodevelopmental disorder	non-clinical cognition or personality -> 5.1	Psychiatry; Autism Research; Computational Psychiatry	15	38	Top surfaces: Psychiatry, Autism Research, Mental Health, Neurodevelopmental Disorders.
surgery	Surgery	clinical-medicine	3			the claim is about an operative procedure or its outcome	training surgeons -> 5.3 professional education	Pediatric Surgery; Trauma Surgery; Global Surgery	6	22	Top surfaces: Pediatric Surgery, Surgical Research, Trauma Surgery, Surgery.
pediatrics	Pediatrics	clinical-medicine	3			the claim is about children as a clinical population	a paediatric surgical procedure -> surgery	Pediatric Medicine; Pediatric Trauma Care; Neonatal Monitoring	5	7	Top surfaces: Pediatric Medicine, Neonatology, Pediatrics, Pediatric Trauma Care.
geriatrics	Geriatrics	clinical-medicine	3			the claim is about older adults as a clinical population	cognitive ageing as a cognitive science question -> 5.1	Geriatrics; Geriatric Care; Cardiovascular Aging	12	15	Top surfaces: Spinal Cord Imaging, Optical Imaging, Neural Imaging, Model Averaging.
cardiovascular-medicine	Cardiovascular medicine	clinical-medicine	3			the claim is about heart or vessel disease in patients	cardiac physiology in health -> 3.1 physiology	Cardiology; Cardiovascular Disease Research; ECG Interpretation	3	3	Top surfaces: Cardiovascular System, Cardiovascular Disease Research, Cardiology.
gastroenterology-and-hepatology	Gastroenterology & hepatology	clinical-medicine	3			the claim is about the digestive system in patients	nutrition at population level -> 3.3	Gastroenterology; Endoscopy Analysis; Liver Fibrosis Staging	3	4	Top surfaces: Gastroenterology, Hepatology, Endoscopy.
respiratory-medicine	Respiratory medicine	clinical-medicine	3			the claim is about the respiratory system in patients	respiratory infection at population level -> 3.3 epidemiology	Respiratory Medicine; Chest Radiograph Triage; Ventilator Management	1	1	Top surfaces: Respiratory Medicine.
general-and-internal-medicine	General & internal medicine	clinical-medicine	3			the claim is clinical but names no organ-specific specialty	a specialty is named -> that specialty	Clinical Decision Support Systems; Evidence-Based Medicine; Clinical Prediction Models	14	17	Top surfaces: Precision Medicine, Medical Predictive Analytics, Medical Data Analysis, Evidence-Based Medicine.
epidemiology	Epidemiology	health-sciences	3			the claim is about disease distribution or determinants in populations	an individual patient's prognosis -> 3.2	Epidemiology; Infectious Disease Epidemiology; Epidemic Modeling	7	27	Top surfaces: Epidemiology, Infectious Diseases, Parasitology, Outbreak Detection.
public-health	Public health	health-sciences	3			the claim is about population-level health protection or equity	health system organisation -> health services research	Public Health; Global Health; Social Determinants of Health	10	27	Top surfaces: Public Health, Global Health, Public Health Surveillance, Social Determinants of Health.
health-services-research	Health services research	health-sciences	3			the claim is about how care is organised, accessed or delivered	the clinical content of the care -> 3.2	Health Services Research; Telemedicine; Digital Health	19	34	Top surfaces: Digital Health, Shared Decision Making, Telemedicine, Mobile Health.
health-informatics	Health informatics	health-sciences	3			the claim is about clinical data, records and their management	a generic data pipeline -> Method	Health Informatics; Medical Informatics; Healthcare Data Management	12	22	Top surfaces: Health Informatics, Healthcare Informatics, Medical Informatics, Healthcare Measurement Tools.
medical-ethics	Medical ethics	health-sciences	3			the ethical question is tied to medicine or neuroscience	ethical demands on AI systems -> Desired properties axis	Medical Ethics; Surgical Ethics; Neuroethics	4	5	Top surfaces: Medical Ethics, Surgical Ethics, Neuroethics, Ethical, Legal and Social Implications (ELSI).
cell-and-gene-therapy	Cell & gene therapy	medical-biotechnology	3			the claim is about manipulating cells or genes as a therapy	descriptive genomics -> 1.6	Gene Therapy; Stem Cell Research; Cellular Immunotherapy	3	3	Top surfaces: Synthetic Biology, Stem Cell Research, Gene Therapy.
biomaterials	Biomaterials	medical-biotechnology	3			the claim is about a material interfacing with tissue	the device's engineering -> 2.6	Scaffold Design; Implant Coating; Tissue Engineering	0	0	No corpus support: speculative-keep (kept as OECD/established subfield so a 2023-2026 re-extraction has a home).
biomarker-discovery	Biomarker discovery	medical-biotechnology	3			the claim is about identifying a measurable indicator of a health state	the clinical decision it supports -> 3.2	Biomarker Validation; Multi-omic Biomarker Discovery; Radiogenomics	2	2	Top surfaces: Multi-omic Biomarker Discovery, Biomarker Validation.
agronomy	Agronomy	agriculture-forestry-and-fisheries	3			the claim is about crop production under management	plant biology with no production claim -> 1.6	Agricultural Data Analysis; Crop Yield Prediction; Precision Agriculture	2	2	Top surfaces: Agriculture and Land Use, Agricultural Data Analysis.
forestry	Forestry	agriculture-forestry-and-fisheries	3			the claim is about managed forest systems	wild biodiversity -> 1.6	Forest Biomass Monitoring; Biomass Estimation; Deforestation Mapping	3	3	Top surfaces: Forest Change Detection, Forest Biomass Monitoring, Biomass Estimation.
fisheries	Fisheries	agriculture-forestry-and-fisheries	3			the claim is about harvested aquatic populations	ocean physics -> 1.5	Fish Stock Assessment; Aquaculture Monitoring; Catch Prediction	0	0	No corpus support: speculative-keep (kept as OECD/established subfield so a 2023-2026 re-extraction has a home).
cognitive-science	Cognitive science	psychology-and-cognitive-sciences	3			the claim is about mental representation or process	neural mechanism as biology -> 3.1 neurosciences	Cognitive Neuroscience; Cognitive Modeling; Brain Decoding	12	36	Top surfaces: Cognitive Neuroscience, Cognitive Science, Social Neuroscience, Neuropsychology.
social-psychology	Social psychology	psychology-and-cognitive-sciences	3			the claim is about individuals in social context	population-level social structure -> 5.4	Social Neuroscience; Personality and Social Psychology; Social Psychology	2	2	Top surfaces: Social Psychology, Personality and Social Psychology.
clinical-psychology	Clinical psychology	psychology-and-cognitive-sciences	3			the claim is about psychological assessment or therapy	a psychiatric diagnosis or drug -> 3.2 psychiatry	Clinical Psychology; Health Psychology; Psychotherapy Outcome	2	2	Top surfaces: Health Psychology, Clinical Psychology.
developmental-psychology	Developmental psychology	psychology-and-cognitive-sciences	3			the claim is about change across the lifespan	neurodevelopmental disorder -> 3.2 psychiatry	Neurodevelopment; Child Language Acquisition; Lifespan Cognition	1	1	Top surfaces: Lifespan Development.
human-factors-and-ergonomics	Human factors & ergonomics	psychology-and-cognitive-sciences	3			the claim is about human performance with a system	the interface design itself -> 1.2 HCI	Human Factors and Ergonomics; Neuroergonomics; Cognitive Load Measurement	4	5	Top surfaces: Neuroergonomics, Human Factors and Ergonomics, Human Factors, Cognitive Load Measurement.
economics	Economics	economics-and-business	3			the claim is about allocation, incentives or welfare	game theory as machinery -> Method (AXES.md 7)	Behavioral Economics; Health Economics; Economic Policy Simulation	3	3	Top surfaces: Finance, Economic Policy Simulation, Economic Applications of Deep Learning.
econometrics	Econometrics	economics-and-business	3			the claim is about measuring economic relationships	causal inference machinery -> Method (AXES.md 3)	Econometrics; Financial Time Series Modelling; Demand Estimation	1	1	Top surfaces: Econometrics.
business-and-management	Business & management	economics-and-business	3			the claim is about how firms and work are organised	a firm's operations as an activity -> Sector axis	Software Startups; Operations Management; Organisational Adoption	2	2	Top surfaces: Software Startups, Operations Management.
pedagogy	Pedagogy	educational-sciences	3			the claim is about how people are taught	a model's in-context or curriculum learning -> Method (declared homonym)	Co-teaching; Teaching Aids; Education and Learning	4	4	Top surfaces: Teaching Aids, Education and Learning, Education, Co-teaching.
educational-technology	Educational technology	educational-sciences	3			the claim is about technology in instruction	a generic recommender -> Task axis	Educational Technology; Educational Data Mining; Programming Education	2	2	Top surfaces: Educational Technology, Educational Data Mining.
professional-education	Professional education	educational-sciences	3			the claim is about training practitioners in a profession	the clinical procedure itself -> 3.2	Medical Education; Surgical Education; Computer Science Education	8	14	Top surfaces: Medical Education, Surgical Education, Simulation in Surgical Training, Programming Education.
demography	Demography	sociology	3			the claim is about population composition and change	clinical cohort statistics -> 3.3 epidemiology	Sociodemographic Studies; Migration Modelling; Fertility Projection	1	1	Top surfaces: Sociodemographic Studies.
social-policy-and-social-work	Social policy & social work	sociology	3			the claim is about welfare provision or social intervention	health policy -> 3.3; legal rules -> 5.5	Human Trafficking Detection; Child Welfare Screening; Social Welfare Optimization	2	2	Top surfaces: Social Welfare Optimization, Child Welfare Systems.
social-inequality-studies	Social inequality studies	sociology	3			the claim is about structural inequality between social groups	algorithmic fairness as a demand on a model -> Desired properties axis	Environmental Justice; Health Equity; Digital Divide Analysis	3	4	Top surfaces: Variational Inequality, Variational Inequality Problems, Environmental Justice.
regulation-and-governance	Regulation & governance	law	3			the claim is about rules, compliance or institutional oversight	an ethical desideratum with no legal or institutional claim -> Desired properties axis	AI Governance; AI Policy; Ethical, Legal and Social Implications	1	1	Top surfaces: Public Policy Analysis using AI.
criminology	Criminology	law	3			the claim is about crime and its control	security of a computer system -> 1.2 computer security	Recidivism Risk Modelling; Crime Forecasting; Forensic Analysis	0	0	No corpus support: speculative-keep (kept as OECD/established subfield so a 2023-2026 re-extraction has a home).
urban-studies	Urban studies	social-and-economic-geography	3			the claim is about cities as human systems	building engineering -> 2.1	Urban Planning; Buildings and Urban Planning; Land Use Modelling	1	1	Top surfaces: Urban Planning.
cultural-and-economic-geography	Cultural & economic geography	social-and-economic-geography	3			the claim is about the spatial distribution of human activity	physical earth systems -> 1.5	Geographical Information Systems; Spatial Econometrics; Regional Development	1	1	Top surfaces: Geographical Information Systems (GIS).
transport-planning	Transport planning	social-and-economic-geography	3			the claim is about travel demand and its social organisation	running a transit service -> Sector axis; road infrastructure -> 2.1	Transportation Research; Public Transport; Travel Demand Modelling	4	5	Top surfaces: Transportation, Transportation Research, Transportation Networks, Public Transport.
media-and-communication-studies	Media & communication studies	media-and-communications	3			the claim is about media content, circulation or effects	text as a signal -> Modality axis	Misinformation Detection; Social Media Analysis; Authorship Identification	5	9	Top surfaces: Social Media Analysis, Misinformation Detection, Social Media Analytics, Intermediate Inference Modules.
journalism	Journalism	media-and-communications	3			the claim is about news production or its practice	generic text generation -> Task axis	News Framing Analysis; Automated Reporting Practice; Source Verification	0	0	No corpus support: speculative-keep (kept as OECD/established subfield so a 2023-2026 re-extraction has a home).
library-and-information-science	Library & information science	media-and-communications	3			the claim is about the organisation and stewardship of recorded knowledge	a retrieval system's engineering -> 1.2 information retrieval	Automated Literature Review; Scientific Literature Review; Bibliometrics	2	2	Top surfaces: Scientific Literature Review, Automated Literature Review.
linguistics	Linguistics	languages-and-literature	3			the claim is about language structure, meaning or variation	NLP as machinery or text as a signal -> Method / Modality	Computational Linguistics; Syntax; Sociolinguistics	10	14	Top surfaces: Syntax, Linguistics, Computational Linguistics, Sociolinguistics.
literary-studies	Literary studies	languages-and-literature	3			the claim is about literary texts as cultural objects	generating text -> Task axis	Narrative Structure Analysis; Stylometry; Poetry Interpretation	0	0	No corpus support: speculative-keep (kept as OECD/established subfield so a 2023-2026 re-extraction has a home).
philosophy-and-history-of-science	Philosophy & history of science	philosophy-ethics-and-religion	3			the contribution is an argument about knowledge or scientific practice	an empirical benchmark -> not a domain on any axis (AXES.md 8b)	Philosophy of Science; Philosophy of Mind; History of Computing	2	2	Top surfaces: Philosophy of Science, Philosophy of Mind.
ethics	Ethics	philosophy-ethics-and-religion	3			the contribution is moral argument not tied to one applied field	AI ethics -> Desired properties; medical ethics -> 3.3 (OECD's own exclusion)	Moral Uncertainty; Normative Theory; Value Pluralism	0	0	No corpus support: speculative-keep (kept as OECD/established subfield so a 2023-2026 re-extraction has a home).
religious-studies	Religious studies	philosophy-ethics-and-religion	3			the claim is about religious belief, text or practice	cultural linguistics -> 6.2	Scriptural Text Analysis; Religious Practice Survey; Theology	0	0	No corpus support: speculative-keep (kept as OECD/established subfield so a 2023-2026 re-extraction has a home).
