# The evidence pool for the FOLDED byproduct-of-operation value (#102,
# SYNTHESIS.md section 2). Run B found that step 4's placement set could not
# measure it: an environment/suite/reference keyword net cannot select a
# cluster trace, so `provenance-other` came back 0 for structural reasons
# and not as evidence. This file is the sweep that was missing.
#
# Swept all 2559 names of data_source_names.tsv for trace/telemetry/log/
# registry/claims/EHR/census/ratings/click/cohort/panel terms: 89 raw hits,
# most false friends (`network` catches graph datasets, `survey` catches
# astronomical surveys, `grid` catches gridworlds). These are the survivors.
#
# `family` is RUN A's three sub-cases, recorded so the revisit can see which
# of them the corpus actually supplies. It is NOT a placement: all of these
# now resolve to `human-incidental`, except `system_telemetry`, which has no
# human actor and therefore routes to `provenance-other` -- and that column
# is the count the owner's watch note is about.
# Columns: name, family, papers, contributed, used, referenced
name	family	papers	contributed	used	referenced
MIMIC-III	institutional_record	5	0	5	0
MIMIC-IV	institutional_record	1	0	1	0
MIMIC-CXR	institutional_record	3	0	1	2
MIMIC-III Waveform Database	institutional_record	1	0	1	0
Medical Information Mart for Intensive Care III (MIMIC-III)	institutional_record	1	0	1	0
eICU Collaborative Research Database	institutional_record	2	0	2	0
eICU Collaborative Research Database v2.0	institutional_record	1	0	1	0
Quebec claims and hospitalization databases	institutional_record	1	0	1	0
Quebec Health Administrative Databases	institutional_record	1	0	1	0
Population Health Record (PopHR)	institutional_record	1	0	1	0
TorSaDe (The Care Trajectories-Enriched Data) cohort	institutional_record	1	0	1	0
Montreal ICU dataset	institutional_record	1	0	1	0
COVID-19 ICU dataset	institutional_record	1	0	1	0
Adult Census Income Dataset	institutional_record	1	0	1	0
Canadian Census Data 2016	institutional_record	1	0	1	0
MEPS (Medical Expenditure Panel Survey)	institutional_record	1	0	1	0
Criteo	interaction_log	3	0	3	0
Criteo 1TB	interaction_log	1	0	2	0
Avazu	interaction_log	2	0	2	0
Taobao	interaction_log	2	0	2	0
Taobao Ad Display/Click Data	interaction_log	1	0	1	0
MovieLens	interaction_log	4	0	4	0
MovieLens 1M	interaction_log	5	0	5	0
MovieLens-20M	interaction_log	1	0	1	0
movielens-1m dataset	interaction_log	1	0	1	0
HetRec-MovieLens (HetRec-MV)	interaction_log	1	0	1	0
amazon-ratings	interaction_log	1	0	1	0
PAPAYA system logs	system_telemetry	1	0	1	0
System log datasets	system_telemetry	1	0	1	0
Server Machine Dataset	system_telemetry	1	0	2	0
Ericsson Cloud Network Dataset	system_telemetry	1	0	1	0
charging session records	system_telemetry	1	0	1	0
Workload Apportionment	system_telemetry	1	0	1	0
Montréal Bus Network Travel Data	system_telemetry	1	0	1	0
