node_id	name	parent_id	depth	characteristic	positive_test	negative_test	examples	corpus_names	corpus_mentions	notes
learning-signal	Learning signal		1	what supplies the training target	the name says what the learner is told while it is being trained	the name says how training runs are organised (training regime) or what structure is learned (model design)		94	615	Level-2 principle: the supplier of the target. Fixes M2: learning from human feedback is a specialisation of reinforcement learning, not a sibling.
supervised-learning	Supervised learning	learning-signal	2	the target is an external label attached to every example	every training example carries a target produced outside the data	the target is derived from the input itself, or only part of the data is labelled	structured prediction; metric learning; label-efficient supervised training	3	22	Bare Supervised Learning (10) sits here. Classification/Regression surfaces are Task-axis names and also map here only when they name a training setup.
unsupervised-learning	Unsupervised learning	learning-signal	2	no target is supplied; only the structure of the inputs	the method is fitted with no target of any kind	a pretext target is constructed from the input (self-supervised), or an external label exists	clustering methods; density estimation; manifold learning	17	33	Clustering / Density Estimation / Dimensionality Reduction are declared homonyms in AXES 8b: they map here on Method and to Task as well; cross-axis mapping is legal (D6).
self-supervised-learning	Self-supervised learning	learning-signal	2	the target is constructed from the input itself	a pretext target is derived mechanically from unlabelled data	the target comes from an annotator, or from acting in an environment	contrastive learning; masked prediction; predictive pretext tasks	6	98	Self-Supervised 73 + Contrastive 21. AXES notes this value skews used, not contributed (22% primary).
semi-supervised-learning	Semi-supervised learning	learning-signal	2	targets exist for part of the data and not the rest	training uses a labelled subset together with unlabelled data of the same kind	all examples are labelled, or none are	pseudo-labelling; consistency regularization; label propagation	2	6	Absent from the first derivation (M2). Classic, kept on semantics not volume.
weakly-supervised-learning	Weakly supervised learning	learning-signal	2	the target is an indirect, incomplete or noisy proxy for the true label	the supervision is cheaper and less exact than the target of interest	the work measures or repairs the labels themselves (data curation > annotation)	multiple-instance learning; distant supervision; noisy-label learning	2	4	Absent from the first derivation (M2). Declared boundary with annotation: tolerating noise is a signal, fixing it is curation.
reinforcement-learning	Reinforcement learning	learning-signal	2	the target is a reward obtained by acting in an environment	the learner receives evaluative feedback on actions it chose	the name states the problem formulation only (MDP, POMDP) with no learner: that is machinery > planning	policy-gradient methods; value-based methods; model-based reinforcement learning	64	452	Absorbs imitation learning, inverse RL, preference-based RL/RLHF, offline RL, multi-agent RL, hierarchical RL, exploration and bandit learning as depth 3. MARL lands here by the head-noun rule (8b).
training-regime	Training regime		1	the dimension along which a single training process is spread	the name says what the training run ranges over: tasks, time, data holders or machines	the name says what the learner is told (learning signal) or what is done to the dataset (data curation)		44	227	Level-2 principle: what training is distributed over. Curriculum learning is moved out to data curation, since an ordering of examples is not a dimension training is spread across.
transfer-learning	Transfer learning	training-regime	2	training is spread across a source and a target domain or task	knowledge fitted on one distribution is reused on another	the two settings are trained jointly (multi-task) or arrive as a sequence (continual)	domain adaptation; fine-tuning; cross-lingual transfer	16	70	Transfer 42. AXES warns this is the strongest used-skew on the axis (10% primary).
multi-task-learning	Multi-task learning	training-regime	2	training is spread across several tasks optimised together	one model is trained on several objectives at the same time	the tasks arrive one after another	auxiliary-task training; task-conditioned training; negative-transfer mitigation	2	20	Multi-task 19.
continual-learning	Continual learning	training-regime	2	training is spread across a sequence of tasks arriving over time	earlier tasks are no longer available when later ones are trained	examples arrive one at a time with no task boundaries (online learning)	catastrophic forgetting; replay methods; class-incremental learning	6	43	Continual 29 + lifelong 5 + catastrophic forgetting 6.
meta-learning	Meta-learning	training-regime	2	training is spread across a distribution of tasks in order to produce a learner	the outer objective is how well a learner adapts to a new task	a single task is adapted to a single other task (transfer)	few-shot learning; gradient-based meta-learning; in-context learning	4	47	Meta 26 + few-shot 14 + in-context 4. In-context learning placed here as adaptation without weight updates.
federated-learning	Federated learning	training-regime	2	training is spread across data holders that do not pool their data	the constraint is that data cannot leave its owner	the constraint is only throughput across machines (distributed training)	client heterogeneity; secure aggregation; personalised federated learning	1	24	Federated 24.
distributed-training	Distributed training	training-regime	2	training is spread across machines sharing one data pool	the work is about splitting a training run over compute	the work is about an optimizer for a distributed objective, which is machinery > optimization	data parallelism; model parallelism; decentralized training	8	11	Distributed Optimization is a declared homonym (8b): head noun Optimization sends it to machinery.
online-learning	Online learning	training-regime	2	training is spread across a stream in which examples arrive one at a time	the learner updates per example or per round as data arrives	the stream has explicit task boundaries and forgetting is the object of study (continual)	incremental learning; streaming learning; bandit-feedback learning	7	12	Weakest pair on this branch with continual learning: both divide by time. Declared, not laundered.
computational-machinery	Computational machinery		1	what computes the answer, given an explicit problem specification	the answer is produced by an algorithm applied to a stated objective, likelihood, formula, game or action model	the answer comes out of parameters fitted to data, which is model design plus learning signal		169	471	Renamed from AXES 3 Inference & optimization, which is a compound name banned by 9 and too narrow for solvers, planners and search. Same aspect, stated characteristic unchanged: what machinery computes the answer.
optimization	Optimization	computational-machinery	2	the machinery exploits the analytic or combinatorial structure of an explicit objective over a feasible set	there is an objective to be minimised or maximised and the method uses its structure	only evaluations of candidates are used (evolutionary computation), or the answer is a distribution (probabilistic inference)	convex optimization; combinatorial optimization; stochastic gradient methods	74	227	Bare Optimization 71 lands here rather than at branch level, which is why continuous and combinatorial are depth 3 and not siblings. Also holds constrained, robust, minimax, bilevel and Bayesian optimization, regularized objectives, and optimal transport. Fixes M3: constrained learning is an objective modification.
probabilistic-inference	Probabilistic inference	computational-machinery	2	the machinery exploits a probability model and its likelihood	the answer is a distribution, a posterior or a sample from one	the quantity is an interventional or counterfactual effect (causal inference)	variational inference; Markov chain Monte Carlo; simulation-based inference	28	78	Bayesian Inference 19, variational, MCMC, SMC, probabilistic programming. Monte Carlo Simulations used as a physics instrument is a declared Simulation homonym and leaves this axis.
causal-inference	Causal inference	computational-machinery	2	the machinery exploits causal assumptions encoded as interventions	the quantity estimated is defined by an intervention or a counterfactual	the model is merely probabilistic and no intervention is defined	causal discovery; treatment-effect estimation; causal representation learning	10	40	Causal Inference 16 + causal discovery 6 + causal representation learning 8. Owner-locked placement in AXES 3.
logical-inference	Logical inference	computational-machinery	2	the machinery exploits entailment over symbolic formulas and constraints	correctness is defined by a proof, a model of a formula, or constraint satisfaction	the symbols are the learned structure rather than the reasoning engine (model design > symbolic models)	satisfiability solving; theorem proving; constraint programming	17	20	Closes blind spot 2 on the machinery side: SAT/SMT 2, theorem proving 1, constraint programming/solving/inference 3, automated reasoning 1, logical reasoning/inference 2. Thin by design and kept on breadth, not volume.
game-theory	Game theory	computational-machinery	2	the machinery exploits strategic interaction between agents, solved for an equilibrium	the solution concept is an equilibrium or a best response	the agents are cooperative components of one training run (training regime)	equilibrium computation; mechanism design; cooperative game theory	7	36	Game Theory 20 plus variational inequalities. Multi-Agent Reinforcement Learning does NOT land here: the head-noun rule sends it to learning signal.
search	Search	computational-machinery	2	the machinery exploits a goal test and a heuristic estimate over a state space	the answer is found by expanding states toward a goal	the candidate set is a population improved by variation and selection (evolutionary computation)	heuristic state-space search; game-tree search; Monte Carlo tree search	2	7	Closes part of blind spot 3. Near-zero corpus support (Neural-guided Heuristics 1, Evolutionary Search 1); kept because ACM CCS and the field both treat search methodologies as a first-class area. Declared as the thinnest node on the axis.
planning	Planning	computational-machinery	2	the machinery exploits an action model with preconditions and effects to produce a course of action	the answer is a plan, a policy over states, or a schedule	the policy is learned from reward rather than computed from a model (learning signal > reinforcement)	classical planning; planning under uncertainty; scheduling	21	30	Closes part of blind spot 3, and gives Markov Decision Processes 3 and POMDPs 5 a home as a problem formalism rather than as a sibling of RL. This is the M4 fix for Sequential decision-making. Motion planning and model predictive control sit here.
evolutionary-computation	Evolutionary computation	computational-machinery	2	candidate solutions are improved by stochastic variation and selection on evaluated fitness alone	the method needs only to evaluate candidates, never to differentiate or relax the objective	the method is merely biologically inspired in its architecture (neural networks, neuroscience-inspired AI)	genetic algorithms; genetic programming; swarm intelligence	7	10	Closes blind spot 1. Corpus: Evolutionary Algorithms 2, Metaheuristics 2, Swarm Robotics 2, Evolutionary Search 1, Simulated Annealing 1, Neural-Guided Meta-Heuristic Algorithms 1. Kept on ACM Bio-inspired approaches and arXiv cs.NE, not on volume. Named Evolutionary rather than Bio-inspired so it does not attract neural networks.
model-design	Model design		1	which structure computes the function, and what is done to that form	the name picks out the form of the model itself	the name picks out a claim about an existing model (model analysis) or the algorithm that solves a stated problem (computational machinery)		153	513	Level-2 principle: which family of structure the model belongs to. Model efficiency is an owner-locked exception to that principle and is declared as such.
neural-architectures	Neural architectures	model-design	2	the structure is an arrangement of differentiable components	the name picks out how a network is wired, independently of the data it sees	the name implies a modality or a task, in which case AXES 5 translates it to those axes	attention architectures; recurrent architectures; architecture search	65	236	Per AXES 5: Transformers 21, Attention Mechanisms 13, RNNs 8, NAS 6, Geometric Deep Learning 11 stay here; Graph Neural Networks 76 and Vision Transformers translate to Modality. Also holds equivariant, physics-informed, object-centric, memory- and retrieval-augmented, neuromorphic and mixture-of-experts architectures.
generative-models	Generative models	model-design	2	the structure specifies a distribution it can sample from or score	the model defines a density, a sampler or an implicit distribution over data	the name states the artefact to be produced (Image Generation), which is a Task	diffusion models; latent-variable models; autoregressive models	37	176	Generative Models 83 + Generative Modeling 9 + GANs 14 + Diffusion 13 + flows 7 + energy-based 3. Absorbs graphical and Bayesian-network models as depth 3; separating them would reproduce the M7 overlap.
symbolic-models	Symbolic models	model-design	2	the structure is explicit symbols, relations and rules	what is learned or authored is a set of symbols and relations a person could read	the symbolic apparatus is the solver rather than the model (machinery > logical inference)	knowledge graphs; ontologies; inductive logic programming	13	15	Closes blind spots 2 and 3 on the representation side, and gives Neural-Symbolic Learning 1 and Neuro-Symbolic AI 1 the home the first derivation reported missing. Also Knowledge Representation 3, Expert Systems 1, Ontology Alignment 1.
kernel-methods	Kernel methods	model-design	2	the structure is a similarity function between inputs	the model is defined by a kernel or a covariance function rather than by learned features	the kernel is used as an analytical device for a network, which is learning theory > training dynamics	support-vector machines; Gaussian processes; kernel approximation	6	6	Gap found in AXES 3, which has no home for non-neural model families. Thin here (Kernel Methods, Graph Kernels, SVM, NTK) and kept on semantics.
ensemble-methods	Ensemble methods	model-design	2	the structure is several models combined into one predictor	the prediction is an aggregate over more than one fitted model	the models are trained on separate data holders and aggregated for privacy (training regime > federated)	boosting; bagging; model merging	9	18	Ensemble Learning 6, Ensemble Methods 3, Model Merging 2, Model Averaging 1, Model Aggregation 2. Second half of the non-neural gap.
model-efficiency	Model efficiency	model-design	2	the model form is changed so the same function costs less to store or run	the work trades accuracy, size, latency or energy against each other	the saving is in labels or parameters updated, not in compute (AXES 2 excludes sample efficiency and PEFT)	pruning; quantization; knowledge distillation	23	62	Owner-locked as a depth-2 family here (AXES 3, 2026-09-25). DECLARED DEFECT: its principle is a transformation of the form, while its five siblings are families of form. Kept because the owner locked it; flagged rather than laundered. Compression 9, distillation 8, pruning 12, quantization 4.
model-analysis	Model analysis		1	what is established about a model that already exists	the object of study is a model already built, and the output is a claim about it	the output is a change to the model (model design) or a claim about learning in general (learning theory)		69	164	Level-2 principle: which question is asked of the trained model.
interpretability	Interpretability	model-analysis	2	the question is what the model computes internally and why it produced an output	the deliverable is a human-readable account of the model behaviour	the deliverable is a guarantee or a bound (formal verification)	feature attribution; mechanistic interpretability; concept-based explanation	28	68	About 65 mentions. AXES 2 sends Mechanistic Interpretability here explicitly; Explainable AI also carries a Desired-properties value, which is legal cross-axis mapping.
adversarial-machine-learning	Adversarial machine learning	model-analysis	2	the question is how the model fails under a worst-case or malicious input	an adversary is modelled explicitly	the worst case is proved rather than searched for (formal verification)	adversarial attacks; adversarial defences; data poisoning	18	46	About 64 mentions. Adversarial Training also carries a Desired-properties value per AXES 2.
formal-verification	Formal verification	model-analysis	2	the question is what can be proved about the model over a specified input set	the claim holds for all inputs in a stated set, by proof	the claim is empirical over a test set, which is a contribution type and off-axis (8b)	neural network verification; certified robustness; reachability analysis	12	21	Neural Network Verification 5, Formal Methods 3, Robustness Verification 1, Quantitative Verification 1. Weakest pair with adversarial machine learning: both concern worst-case behaviour, one searched and one proved. Declared.
uncertainty-quantification	Uncertainty quantification	model-analysis	2	the question is how far the model output can be trusted	the deliverable is a confidence, an interval or a coverage guarantee	the deliverable is an out-of-distribution decision, which names an output and is a Task	calibration; conformal prediction; predictive uncertainty estimation	11	29	AXES 2 routes this machinery to Method when it declines a Reliability property node, but AXES 3 never gives it a node. Gap closed here. About 21 mentions.
learning-theory	Learning theory		1	what is established about learning itself, rather than about one model	the claim is about a learning procedure or a model class in general	the claim is about one trained model (model analysis), or the name is a demand from outside the field (Desired properties)		32	62	Level-2 principle: which property of learning is bounded or explained. Register note: ACM CCS files this under Theory of computation, not Computing methodologies; see RATIONALE on M1.
generalization	Generalization	learning-theory	2	the property bounded is performance on data not seen in training	the claim links training performance to unseen-data performance	the shift is handled by a training procedure rather than analysed (training regime > transfer)	generalization bounds; out-of-distribution generalization; implicit regularization	14	24	OOD Generalization 5, Domain Generalization 4, Generalization 3+2. AXES 2 explicitly assigns compositional generalization here rather than to Desired properties.
sample-complexity	Sample complexity	learning-theory	2	the property bounded is how much data learning needs	the result is a rate or a bound in the number of examples	the result is an engineering technique for using fewer labels (data curation > data selection)	PAC learning; minimax rates; label complexity	3	3	Sample Complexity 1, PAC-Bayesian Theory 1, Sample Efficiency 1. Topic-sized, like its siblings: this is the M6 fix.
expressivity	Expressivity	learning-theory	2	the property bounded is what functions a model class can represent	the claim is about representability, independent of any training	the claim is about what one trained model does represent (model analysis > interpretability)	universal approximation; depth separation; graph network expressive power	1	1	AXES contradicts itself here: 2 lists expressivity under learning theory, 3 lists expressive power under model analysis. Resolved to 2, since a model class is not a model that exists.
training-dynamics	Training dynamics	learning-theory	2	the property explained is what happens to the parameters while learning runs	the claim is about the trajectory or the convergence of training	the contribution is a new optimizer, which is machinery > optimization	convergence analysis; loss landscape geometry; neural tangent kernel theory	6	7	Training Dynamics 2, Neural Network Learning Dynamics 1, Neural Tangent Kernel 1.
scaling-behaviour	Scaling behaviour	learning-theory	2	the property explained is how performance moves with model size, data and compute	the claim is a trend across scale	the claim is that a fixed budget is met, which is Desired properties > Frugal AI	scaling laws; emergent capabilities; data scaling	4	5	Language Model Scaling 2. Community-real, corpus-thin; kept.
data-curation	Data curation		1	how the training set itself is produced, chosen or repaired	the contribution is to the data rather than to the learner	the contribution is a supervision paradigm (learning signal) or a dataset for a field, which is a contribution type and off-axis		35	63	Level-2 principle: which part of the training set the work acts on - the inputs, the composition, or the labels. This is the M7 fix; the first derivation never stated a principle.
data-synthesis	Data synthesis	data-curation	2	the work acts on the inputs, creating or transforming examples	examples exist after the method that did not exist before it	existing examples are kept and only chosen among (data selection)	data augmentation; synthetic data generation; simulation-based data	18	33	Merges the first derivation Data augmentation and Synthetic data, which overlapped because both create data (M7). Data Augmentation 11 plus synthetic-data names.
data-selection	Data selection	data-curation	2	the work acts on the composition, choosing, weighting or ordering what is used	the same pool of examples is used differently	the examples themselves change (data synthesis)	active learning; coreset selection; curriculum ordering	13	26	Active Learning 9, Feature Selection 3, Curriculum Learning 3, Data Valuation 1. Curriculum moved here from training regime, argued in RATIONALE.
annotation	Annotation	data-curation	2	the work acts on the labels, obtaining or repairing them	the contribution changes what targets the examples carry	the method merely tolerates imperfect labels, which is learning signal > weakly supervised	label cleaning; crowdsourced annotation; programmatic labelling	4	4	Label Cleaning 1, Learning with Noisy Labels 1, Label Fusion 1. Thin; kept because the three-way split is what states the principle.
uninformative	Uninformative		1	administrative row for on-axis names too vague to inform, per AXES 8b	the name is about method but narrows nothing	the name says nothing about method at all, in which case it is simply absent from this axis		30	581	Not an aspect. Excluded from this axis shares and reported as a single line. Largest cluster on the axis.
generic-field-names	Generic field names	uninformative	2	the name is the field itself rather than a method in it	the name would cover most of the corpus	the name narrows to a paradigm, a structure or a machinery	machine learning; deep learning; artificial intelligence	17	543	AXES 5 row three. Machine Learning 250, Deep Learning 233, Neural Networks 19, AI 15.
generic-technique-names	Generic technique names	uninformative	2	the name is a method-shaped placeholder that narrows nothing	the name is a method word with no family behind it	the name identifies a family that has depth-3 members	predictive modeling; optimization techniques; data analysis	13	38	AXES 8b too-generic names. Contribution-type names (Benchmarking, Model Evaluation) are mark_ignore and are NOT here.
inference-procedures	Inference procedures	computational-machinery	2	the computation that produces the answer is spent at query time, on a model whose parameters are fixed	names a procedure applied to an already-trained model to obtain its output, rather than a procedure that fits it	if the name identifies a model family it is Model design; if it names what the output must be it is a Task	prompt engineering; chain-of-thought prompting; test-time compute scaling	7	7	Owner ruling 2026-09-29. DECLARED STRAIN: divides by stage (when computation happens) while its siblings divide by formal structure -- defect M5 re-entering by ruling. Revisit if the 2023-2026 re-extraction makes it large.
online-rl	Online reinforcement learning	reinforcement-learning	3	the signal is the environment reward, obtained on actions the learner itself chose and can repeat	the learner both acts and is scored, and can gather more experience at will	the interaction is fixed in advance (offline), or the behaviour scored is somebody else’s (demonstrations, human feedback)		15	45	Residual home of the branch: bare Reinforcement Learning 271 and Deep Reinforcement Learning 36 stay at branch level per AXES 8b and are NOT counted here. Depth 4 under this node is model-based vs model-free (the owner’s worked example, demoted here; 17 mentions), then value-based vs policy-gradient vs actor-critic at depth 5. Hierarchical and goal-conditioned RL are also depth 4.
offline-rl	Offline reinforcement learning	reinforcement-learning	3	the signal is a fixed log of interaction the learner did not generate and cannot extend	no new interaction is possible; the method must cope with actions absent from the log	the learner may act to test a policy, however rarely (online)		2	4	Strains the parent positive test ("evaluative feedback on actions it chose") on purpose: in offline RL the actions were chosen by a behaviour policy. Declared. Offline Learning 2 is counted here and is a mild homonym with Training regime > online learning.
learning-from-demonstrations	Learning from demonstrations	reinforcement-learning	3	the signal is expert behaviour rather than a reward	the method is given trajectories of somebody performing the task well	the expert judges the learner’s own behaviour instead of performing the task (human feedback)		4	19	One concept in the field’s idiom (LfD), not a fused pair: it covers behavioural cloning, apprenticeship learning and inverse RL, which recovers the reward that explains the demonstrations. RATIONALE section 2 M2 files behavioural cloning here although it is supervised by construction; that ruling is inherited.
learning-from-human-feedback	Learning from human feedback	reinforcement-learning	3	the signal is a human judgment of the agent’s own behaviour	a person compares, ranks or scores what the learner did, and a reward is fitted to that	the person supplies the behaviour rather than judging it (demonstrations), or supplies a label on an input (supervised learning)		4	4	The audit’s M2 said Learning from human feedback is a specialisation of RL promoted to sibling; this is where the demotion lands. Reward Learning 1 is counted here rather than at branch level because the reward is fitted to judgments.
intrinsically-motivated-rl	Intrinsically motivated reinforcement learning	reinforcement-learning	3	the signal is computed by the agent for itself rather than received from outside	the reward optimised is a function of the agent’s own uncertainty, novelty, competence or control	the bonus is an algorithmic device for choosing actions with no reward of its own (epsilon-greedy, UCB), which is exploration machinery and stays at branch level		4	6	DECLARED PHASE-2 GAP: the corpus has ~7 mentions of exploration in the generic sense (Exploration in Reinforcement Learning 4, Exploration 1, Exploration Strategies 1) that this node does NOT cover, because exploration-as-machinery divides by a second principle. They stay at branch level. Adding an Exploration node was considered and refused; see DEPTH3_RATIONALE section 4.
multi-agent-rl	Multi-agent reinforcement learning	reinforcement-learning	3	the signal is jointly produced by other agents that are learning at the same time, and is therefore non-stationary by construction	the return of one learner depends on policies that are themselves being updated	the other agents are fixed parts of the environment, or the object of study is the equilibrium rather than the learning (machinery > game theory)		4	18	WEAKEST MEMBER OF THIS SET, declared in the phase-1 draft before any count was seen: the honest reading of MARL is "how many agents", which is a second principle; it is admitted under the co-learner reading of the signal. Lands here, not under Game theory, by the AXES 8b head-noun rule. Gives the Multi-Agent Systems 11 homonym (RATIONALE section 7) one of its two candidate homes; Game theory > learning in games is the other.
convolutional-networks	Convolutional networks	neural-architectures	3	connectivity is local and weight-shared over a regular lattice	the same small operator is applied at every position of a grid-structured input	the name fixes a modality (Vision Transformers, Graph Convolutional Networks), in which case AXES 5 translates it		2	5	Kept on this axis by the same argument AXES 5 uses for Recurrent Neural Networks: convolutions are used on images, audio, text and grids alike, so the name implies no single modality.
recurrent-networks	Recurrent networks	neural-architectures	3	a state is carried forward across steps of a sequence and reused	the same parameters consume a sequence step by step, passing a state along	positions are all visible at once and routing is content-based (attention)		3	10	State Space Models 1 is counted here: a linear state recurrence is a recurrence. Declared as a mapping decision, since the SSM community positions itself against both recurrence and attention.
attention-architectures	Attention-based architectures	neural-architectures	3	routing between positions is content-addressed rather than fixed by position or adjacency	which unit reads which other unit is computed from the values themselves	the name fixes a modality (Vision Transformers 3, Graph Transformers 6), translated by AXES 5		9	41	Largest node added on this branch (41 indicative mentions). Transformers 13 + Transformer Models 8 + Attention Mechanisms 13 and variants.
equivariant-architectures	Equivariant architectures	neural-architectures	3	the wiring is constrained by a symmetry group, so a transformation of the input is a transformation of the output	the architecture is derived from an invariance or equivariance requirement	the physical law is imposed on the objective rather than on the wiring (physics-informed networks; see notes)		5	15	Geometric Deep Learning 11 is counted here rather than at branch level, since AXES 5 lists it as an architecture name. DECLARED PHASE-2 GAP: Physics-Informed Neural Networks 2 + Physics-Constrained Deep Learning 1 build the prior into the loss, not the wiring, so they have no node under this principle and stay at branch level or map to machinery > optimization.
conditional-computation	Conditional computation	neural-architectures	3	which components run is decided per input rather than fixed for all inputs	part of the network is skipped, selected or generated depending on what is being processed	sparsity is a penalty on the weights of a fixed network, which is an objective (machinery > optimization)		8	9	Mixture-of-experts, routing, gating, early exit, hypernetworks. Sparse Neural Networks 2 is a declared homonym between input-conditional sparsity (here) and sparsity-as-compression (model efficiency > pruning); the surface decides.
memory-augmented-architectures	Memory-augmented architectures	neural-architectures	3	an external addressable store is read and written alongside the weights	the network’s state includes a store it can query, which is not itself a parameter updated by training	the store is the model’s own recurrent state (recurrent networks)		5	6	RATIONALE section 2 routes Retrieval-Augmented Generation and Memory-Augmented Neural Networks here, and this is the node that receives them.
implicit-depth-architectures	Implicit-depth architectures	neural-architectures	3	the output is defined as the solution of an equation rather than by a fixed stack of layers	depth is set by a solver at run time, not by the architecture	the equation is the object of study rather than the model (Scientific discipline; RATIONALE section 4.7)		1	1	THINNEST NODE ADDED ON THIS AXIS: 1 name / 1 mention (Neural Differential Equations). Flagged in the phase-1 draft as expected-thin before the corpus was opened, and kept on the field’s structure: neural ODEs and deep equilibrium models are a named architecture family with their own literature.
continuous-optimization	Continuous optimization	optimization	3	the feasible set is continuous, so derivatives, convexity and duality are available to be exploited	the decision variables range over a continuum	the decision is a choice among finitely many structures (combinatorial)		26	54	DELIBERATELY COARSE. Stochastic (10), Bayesian (5), robust (4), constrained (3), bilevel (2), multi-objective and optimal-transport (4) formulations all sit under this node at depth 4, because each divides by a SECOND principle (the form of the problem, not the feasible set). Phase 2 measured ~54 mentions spread over 26 such names and changed nothing: AXES forbids re-cutting a sibling set on counts.
combinatorial-optimization	Combinatorial optimization	optimization	3	the feasible set is discrete, so the structure exploited is integrality, flow, matroid or polyhedral	the answer is a choice among finitely many structures and the method uses that structure	candidates are only evaluated, never relaxed or bounded (machinery > evolutionary computation)		9	27	Combinatorial Optimization 17 plus the integer-programming family. Neural Combinatorial Optimization 1 maps here by the head-noun rule.
autoregressive-models	Autoregressive models	generative-models	3	the density is factorised into a product of conditionals and evaluated exactly	the model scores or samples one element at a time, conditioned on those before it	the name says what is generated (Text Generation, Image Generation), which is a Task		1	1	THIN: 1 name / 1 mention. Language Modeling 12 is the large surface for this family but AXES 6 treats it as a Task name, so it is not counted here. Overlaps Graphical models (an autoregressive factorisation is a complete DAG) — declared in the phase-1 self-audit.
latent-variable-models	Latent-variable models	generative-models	3	the density is defined by marginalising an unobserved variable and is bounded rather than computed	sampling goes through a latent code and the likelihood is intractable but boundable	the latent variable is the object to be recovered rather than a modelling device (machinery > causal representation learning)		3	5	VAEs and descendants. The inference machinery they use is machinery > probabilistic inference > variational inference; the structure is here. Cross-axis-style split within one axis, declared.
normalizing-flows	Normalizing flows	generative-models	3	the density is obtained exactly by an invertible change of variables	the model is a bijection whose Jacobian determinant is computable	the map is not invertible and the density is only bounded (latent-variable models)		2	7	Normalizing Flows 5 + Continuous Normalizing Flows 2.
energy-based-models	Energy-based models	generative-models	3	the density is specified only up to an unknown normalising constant	the model scores configurations without being able to normalise the score	the normaliser is tractable by construction (autoregressive, flows)		2	7	Generative Flow Networks 4 counted here: a GFlowNet is an amortised sampler for a given unnormalised reward. DECLARED as the least comfortable mapping in this sibling set — a GFlowNet node was considered in phase 2 and refused on specificity (one method family beside six field-sized ones); see DEPTH3_RATIONALE section 4.
implicit-generative-models	Implicit generative models	generative-models	3	no density is defined at all; the model is a sampler	the only thing the model can do is produce samples, and training compares samples to data	a likelihood or an energy is defined, however approximately		2	14	GANs 14. Named for the property rather than the architecture so that the sibling set stays on one principle; the corpus surface is almost entirely Generative Adversarial Networks.
diffusion-score-models	Diffusion & score-based models	generative-models	3	the density is specified through its score along a prescribed noising process	generation is the reversal of a fixed corruption process	the corruption is a data-augmentation device for a discriminative model (data curation > data synthesis)		9	21	A doublet naming one family in the field’s own idiom, which AXES 9 permits (diffusion and score-based formulations are provably the same model). 21 mentions. Declared homonym: Diffusion MRI 3 and Information Diffusion 1 are not this node.
graphical-models	Graphical models	generative-models	3	the density is specified by a conditional-independence structure over a graph	the model is given as a factorisation whose graph is the object manipulated	the graph is the data rather than the model (Modality > graphs)		3	5	Placed here by the parent’s own note ("absorbs graphical and Bayesian-network models as depth 3"). Bayesian Networks 1 is counted here and not under machinery > probabilistic inference, which holds the algorithms rather than the structures.
masked-prediction	Masked prediction	self-supervised-learning	3	the target is a withheld part of the input, predicted from the rest	part of the input is hidden and the model must restore it	the withheld part is the continuation of the input in its natural order (next-element prediction)		0	0	SPECULATIVE: zero corpus support in the 2024 name list. Kept per AXES 9 (a category with no corpus support is justified or kept, never deleted on that ground). Masked language and masked image modelling are among the most widely used methods in the field; that the 2024 name list contains no surface for them is evidence about how researchers name their research domain, not about the method’s existence. Weakest pair with next-element prediction (both withhold part of the input) — declared in the phase-1 draft.
next-element-prediction	Next-element prediction	self-supervised-learning	3	the target is the continuation of the input in its natural order	the model predicts what comes next in a sequence drawn from unlabelled data	the withheld part is chosen at random anywhere in the input (masked prediction)		0	0	SPECULATIVE: zero corpus support in the 2024 name list. Kept per AXES 9 (a category with no corpus support is justified or kept, never deleted on that ground). Language Modeling 12 is the surface that would land here, but AXES 6 reads it as a Task name, so this node measures zero on Method. Declared.
contrastive-learning	Contrastive learning	self-supervised-learning	3	the target is which candidate shares a source with the anchor, against negatives	training pulls together views known to match and pushes apart views known not to	no negatives are used and the target is another network’s output (self-distillation)		2	22	Largest node on this branch: Contrastive Learning 21. AXES 3 counts contrastive 21 inside self-supervised 73, which this node makes explicit.
self-distillation	Self-distillation	self-supervised-learning	3	the target is the representation produced by another view or by a slowly-updated copy of the network itself	the teacher is the model itself, or its moving average, and no negatives are needed	the teacher is a different, larger model and the point is cost (model design > knowledge distillation)		1	1	THIN: 1 name / 1 mention (Contrastive and Non-Contrastive Learning). DECLARED HOMONYM introduced by this node: distillation to a smaller model (efficiency) vs distillation from a copy of oneself (self-supervision). BYOL/DINO/JEPA-style latent prediction.
transformation-prediction	Transformation prediction	self-supervised-learning	3	the target is the identity of a transformation applied to the input	a transformation is sampled, applied, and its label is the thing predicted	the transformation enlarges the training set without becoming the target (data curation > data synthesis)		0	0	SPECULATIVE: zero corpus support in the 2024 name list. Kept per AXES 9 (a category with no corpus support is justified or kept, never deleted on that ground). Rotation, jigsaw and colourisation pretext tasks: the first generation of self-supervision, now largely superseded, which is a plausible reason for its absence from a 2024 corpus. Kept because deleting it would erase the family the term "pretext task" names.
mcmc	Markov chain Monte Carlo	probabilistic-inference	3	the posterior is approximated by simulating a chain whose stationary distribution is it	the answer is a set of correlated samples produced by a transition kernel	the samples are weighted particles propagated along a sequence (sequential Monte Carlo)		4	8	Monte Carlo Methods 5 counted here. Monte Carlo Simulations 5 is NOT: AXES 8b declares Simulation a homonym and its physics/clinical reading leaves the axis.
variational-inference	Variational inference	probabilistic-inference	3	the posterior is approximated by optimising over a tractable family	inference is stated as a minimisation of a divergence to the true posterior	no family is posited and the answer is a sample (Monte Carlo methods)		3	6	DECLARED HOMONYM: Variational Inequality / Variational Inequalities / Variational Inequality Problems (4 mentions) are NOT this node — they are equilibrium machinery and are counted under game theory > equilibrium computation, as the level-2 row already required.
sequential-monte-carlo	Sequential Monte Carlo	probabilistic-inference	3	the posterior is propagated along a sequence by weighted particles and resampling	the state is tracked through time by reweighting and resampling a population	the population is improved by fitness rather than reweighted by likelihood (machinery > evolutionary computation)		1	1	THIN: 1 name / 1 mention. Particle filtering. Closest pair with MCMC; the line is a fixed target distribution versus a sequence of them.
message-passing	Message passing	probabilistic-inference	3	the posterior is computed by propagating local messages over the model’s factorisation	the algorithm exploits the graph structure of the model, exactly or in a loopy approximation	the graph is the architecture of a neural network (model design > neural architectures)		0	0	SPECULATIVE: zero corpus support in the 2024 name list. Kept per AXES 9 (a category with no corpus support is justified or kept, never deleted on that ground). DECLARED HOMONYM, and the reason this node measures zero: the corpus’s only "message passing" surface is Message Passing Neural Networks 1, which is a GNN architecture and translates to Modality > graphs by AXES 5. Belief propagation, junction tree and expectation propagation have no surface in this corpus. Kept: it is the classical inference family for graphical models, which the sibling generative-models > graphical models presumes.
simulation-based-inference	Simulation-based inference	probabilistic-inference	3	the likelihood cannot be evaluated, so the posterior is obtained from simulations	the model can be sampled from but not scored, and inference is built on that asymmetry	the likelihood is available and merely intractable to normalise (MCMC, variational inference)		5	8	ABC and neural posterior estimation. 8 indicative mentions; a real and growing area in this institute.
domain-adaptation	Domain adaptation	transfer-learning	3	the input distribution changes between source and target and the task does not	the label space and objective are unchanged; what moves is where the data comes from	the shift is analysed rather than handled by a procedure (learning theory > generalization)		7	19	Sim-to-Real Transfer 4 and the cross-lingual transfer names 4 are counted here: on Method they are a distribution change with a fixed task, while on Modality they take their own value. Depth 4 under this node is what the target side provides — unsupervised, source-free, test-time adaptation.
cross-task-transfer	Cross-task transfer	transfer-learning	3	the task changes between source and target: a new label space or a new objective	a representation or a parameter set fitted for one task is reused for a different one	the tasks are trained together rather than in sequence (training regime > multi-task learning)		9	9	Pretraining-then-fine-tuning, including parameter-efficient fine-tuning (PEFT 3 mentions), which AXES 2 explicitly declines to call Frugal AI and names a Method. Only two children on this branch, which is the minimum AXES 9 allows; no third division exists under this principle.
feature-attribution	Feature attribution	interpretability	3	the account assigns credit to parts of the input	the deliverable is a per-input score over features, pixels or tokens	the deliverable is a claim about internal components (mechanistic interpretability)		2	2	THIN: 2 names / 2 mentions, although this is the largest interpretability literature in the field. The branch’s ~50 mentions sit at branch level (Explainable AI 10, Interpretable Machine Learning 9, Model Interpretability 7, Interpretability 6), which AXES 8b makes legitimate and which is the dominant fact about this branch. Cross-link: Shapley attribution borrows machinery from game theory > cooperative game theory.
concept-based-explanation	Concept-based explanation	interpretability	3	the account is stated in human-named concepts the model is shown to encode	a concept is fixed in advance and the model is tested for it, or built to use it	the concept vocabulary is the model itself (model design > symbolic models)		2	2	THIN: 2 names / 2 mentions (Concept-based Models, Probing in NLP). Probing, concept activation vectors, concept bottlenecks. Declared homonym: Concept Drift 1 is not this node.
mechanistic-interpretability	Mechanistic interpretability	interpretability	3	the account is a circuit over internal components: which units and paths implement the behaviour	the claim names specific internal structure and is tested by intervening on it	the claim is about which inputs mattered (feature attribution)		3	4	AXES 2 routes Mechanistic Interpretability to Method explicitly, as the example of a question with no outside claimant; this is the node it lands on.
example-based-explanation	Example-based explanation	interpretability	3	the account names other data points: influential training examples, prototypes or counterfactual instances	the explanation is itself a datum rather than a score or a mechanism	the counterfactual is an intervention on a causal model (machinery > causal inference)		1	1	THIN: 1 name / 1 mention (Prototype-Based Learning). Influence functions, prototypes, counterfactual explanations.
pruning	Pruning	model-efficiency	3	parameters or whole structures are removed from the fitted model	part of the network is deleted and the rest is kept or retrained	the parameters are kept and only their precision falls (quantization)		4	14	Largest efficiency node: 14 indicative mentions. Declared homonym with conditional computation: sparsity as deletion (here) vs sparsity as input-conditional routing (model design > conditional computation). Data Sampling and Pruning 1 is data curation, not this node.
quantization	Quantization	model-efficiency	3	the numerical precision of weights and activations is reduced	the same parameters are stored or computed in fewer bits	the parameters themselves are dropped (pruning)		2	5	AXES 2 is explicit that a quantization paper takes Method = Quantization and, when its point is energy cost, Desired property = Frugal AI. This is the Method node that statement presupposes.
knowledge-distillation	Knowledge distillation	model-efficiency	3	the model is replaced by a smaller one trained to reproduce its behaviour	a second, smaller model is fitted to the outputs of the first	the teacher is a copy of the model itself and the point is representation quality (learning signal > self-distillation)		2	10	The homonym with self-supervised self-distillation is declared on both nodes. 10 indicative mentions.
low-rank-factorisation	Low-rank factorisation	model-efficiency	3	dense operators are replaced by factored or low-rank approximations	a weight matrix or tensor is rewritten as a product of smaller ones	the decomposition is a numerical tool applied to data rather than to the model (machinery, branch level)		2	2	THIN: 2 names / 2 mentions. Gives the Tensor Decomposition / Tensor Factorization surfaces a home; RATIONALE section 7 had filed them as unplaced at branch level on computational machinery. DECLARED HOMONYM: decomposition of a model (here) vs of a data tensor (machinery).
evasion-attacks	Evasion attacks	adversarial-machine-learning	3	the adversary perturbs the input at inference time	the model is fixed and the attacker changes what is fed to it	the attacker changed the training data instead (poisoning)		13	27	By far the largest child: 27 indicative mentions, including the defences (adversarial training, certified robustness), which map to the attack they forestall. Depth 4: jailbreaks and prompt injection are evasion attacks on an instruction-following model. Adversarial Robustness 10 also carries a Desired-properties value, which is legal cross-axis mapping.
poisoning-attacks	Poisoning attacks	adversarial-machine-learning	3	the adversary corrupts the training data or the training process	the attack happens before or during training and persists in the fitted model	the labels are merely noisy with no adversary (data curation > annotation, or learning signal > weakly supervised)		1	1	THIN: 1 name / 1 mention (Data Poisoning). Backdoors and trojans have no surface in this corpus. Kept: it is one of the three standard attack surfaces and the NIST adversarial-ML taxonomy is an external check on the sibling set.
privacy-attacks	Privacy attacks	adversarial-machine-learning	3	the adversary learns about the training data or the model from access to it	the asset being attacked is information, not the prediction	the work proposes a privacy guarantee or mechanism (Differential Privacy and its family are Desired properties per AXES 2)		2	2	THIN: 2 names / 2 mentions (Membership Inference Attacks, Reconstruction Attacks). NAME-LEVEL TRAP, declared: the corpus holds ~25 mentions of Differential Privacy / Privacy-Preserving ML / Privacy which must NOT land here — they are demands, not attacks. RATIONALE section 4.3 refuses a privacy node in Method; this is an attack family, which is a question asked of an existing model, and is a different thing.
optimization-based-meta-learning	Optimization-based meta-learning	meta-learning	3	the outer loop produces a starting point from which a few gradient steps suffice	adaptation is fine-tuning, and what is meta-learned is where it starts or how it steps	adaptation needs no gradient step at all (amortised meta-learning)		1	1	THIN: 1 name / 1 mention (Meta-gradient Learning). MAML and descendants. A fourth child under the same principle — the outer loop produces the update rule (learned optimizers, learned losses) — was rejected on specificity and is depth 4 here.
metric-based-meta-learning	Metric-based meta-learning	meta-learning	3	the outer loop produces an embedding in which adaptation is comparison with labelled examples	a new class is handled by distance to its examples in a meta-learned space	the embedding is learned for its own sake with no task distribution (Task > representation learning)		0	0	SPECULATIVE: zero corpus support in the 2024 name list. Kept per AXES 9 (a category with no corpus support is justified or kept, never deleted on that ground). Prototypical and matching networks. Zero surfaces despite Few-Shot Learning 16 in the corpus: few-shot names the SETTING, not the mechanism, and is a cross-cut that sits at branch level on meta-learning.
amortised-meta-learning	Amortised meta-learning	meta-learning	3	the outer loop produces a model that reads the task’s examples and adapts in a single forward pass	adaptation happens with no weight update at all	adaptation is a gradient step from a meta-learned initialisation (optimization-based)		1	4	In-Context Learning 4 lands here, as the parent’s own note requires ("In-context learning placed here as adaptation without weight updates"). Named amortised rather than model-based to avoid colliding with model-based reinforcement learning.
task-incremental-learning	Task-incremental learning	continual-learning	3	the steps are distinct tasks and the task identity is given at test time	the model may use a task label to select a head or a subnetwork	no task identity is available and all classes must be separated jointly (class-incremental)		0	0	SPECULATIVE: zero corpus support in the 2024 name list. Kept per AXES 9 (a category with no corpus support is justified or kept, never deleted on that ground). One of the field’s three standard continual-learning scenarios (Van de Ven & Tolias). Zero surfaces; the branch’s ~44 mentions are almost all branch-level (Continual Learning 29, Catastrophic Forgetting 6, Lifelong Learning 5).
class-incremental-learning	Class-incremental learning	continual-learning	3	new classes arrive and must be told apart from all earlier ones, with no task identity given	the output space grows and old and new classes compete in one decision	a task label disambiguates which classes are in play (task-incremental)		1	1	THIN: 1 name / 1 mention, the only one of the three scenarios with any surface at all.
domain-incremental-learning	Domain-incremental learning	continual-learning	3	the task stays fixed while its input distribution shifts from step to step	the label space never changes; the data does	the shift is between two fixed settings with the source still available (training regime > transfer learning > domain adaptation)		0	0	SPECULATIVE: zero corpus support in the 2024 name list. Kept per AXES 9 (a category with no corpus support is justified or kept, never deleted on that ground). Boundary with domain adaptation declared: the sequence and the loss of access to earlier data are what make it continual.
causal-discovery	Causal discovery	causal-inference	3	the causal structure is unknown and is recovered from data	the deliverable is a graph or an equivalence class of graphs	the graph is assumed and only a quantity is estimated (effect estimation)		1	6	Named by AXES 3 itself as one of the three members of this family. 6 mentions.
effect-estimation	Effect estimation	causal-inference	3	the structure is assumed and the magnitude of an intervention’s effect is the unknown	the deliverable is an estimand, its identification, or an estimator for it	the deliverable is the structure (causal discovery)		1	2	THIN: 2 names / 2 mentions (Interventional Data Analysis), although identification and treatment-effect estimation are the centre of the causal literature; bare Causal Inference 16 sits at branch level and is where those papers name themselves. Depth 4: back-door, front-door, instruments, difference-in-differences.
causal-representation-learning	Causal representation learning	causal-inference	3	the causal variables themselves are unknown and must be recovered from low-level observations	the work asks what the causal units ARE, not how they are connected or how strong the link is	the variables are given and only their graph is sought (causal discovery)		2	9	Named by AXES 3 as the third member of this family (Causal Representation Learning 8). Best-supported causal child after discovery.
equilibrium-computation	Equilibrium computation	game-theory	3	a solution concept of a given game is computed	the game is fixed and the answer is an equilibrium or a best response to one	the equilibrium is reached by agents repeatedly playing (learning in games)		5	6	Receives the variational-inequality surfaces (4 mentions) the level-2 row assigns to this branch, plus Equilibrium-based Methods 1 and Coordination Games 1. DECLARED HOMONYM found in phase 2: of the corpus’s ~30 game* mentions, 8 are videogames (Game Playing 2, Game Design and Analysis, Game Development, Game Testing, Automated Game Testing, Serious Games, Videogame-based Neuroscience) and leave this axis entirely.
learning-in-games	Learning in games	game-theory	3	agents reach, or fail to reach, an equilibrium through repeated play	the object of study is the dynamics of learning agents and what they converge to	the agents maximise a reward signal and the equilibrium is not the object (learning signal > multi-agent reinforcement learning)		0	0	SPECULATIVE: zero corpus support in the 2024 name list. Kept per AXES 9 (a category with no corpus support is justified or kept, never deleted on that ground). No-regret dynamics, fictitious play, convergence of gradient dynamics. This node and multi-agent RL are the two homes RATIONALE section 7 asks for when it declines to sweep Multi-Agent Systems 11 into game theory; the head-noun rule decides per surface.
mechanism-design	Mechanism design	game-theory	3	the game itself is designed so that the desired outcome is an equilibrium	the work chooses the rules rather than playing under them	the rules are given and the work solves or learns within them (equilibrium computation, learning in games)		0	0	SPECULATIVE: zero corpus support in the 2024 name list. Kept per AXES 9 (a category with no corpus support is justified or kept, never deleted on that ground). Auctions, matching, incentive compatibility, social choice. The corpus’s single auction surface (Simulation of auction data using Deep Learning 1) is an application, not this node. Kept on breadth: mechanism design is a whole community (EC), and AXES 3 gives ACM CCS and community structure this exact standing against corpus silence.
cooperative-game-theory	Cooperative game theory	game-theory	3	value is allocated among coalitions rather than predicted from individual strategies	the primitive is what a group can achieve together, and the answer is a division of it	the agents are non-cooperative players with individual payoffs (equilibrium computation)		1	1	THIN: 1 name / 1 mention. Cross-link declared: Shapley-value attribution is used by model analysis > interpretability > feature attribution; the surface decides which node a name takes.
prompting	Prompting	inference-procedures	3	the input given to the fixed model is engineered	what changes between runs is the text or format handed to the model, not its weights	the examples in the input are the object of study as adaptation across a task distribution (training regime > amortised meta-learning)		1	6	Prompt Engineering 6, which RATIONALE section 7 had declared unplaced; the owner’s 2026-09-29 ruling created the parent and this is where the surface lands. Boundary with in-context learning declared and inherited from RATIONALE section 2.
intermediate-reasoning	Intermediate reasoning	inference-procedures	3	the model is made to emit and consume its own intermediate steps before answering	extra tokens are generated whose purpose is the computation, not the answer	the name says what the output must be (Mathematical Reasoning, Visual Reasoning), which is a Task		1	1	THIN: 1 name / 1 mention (Chain-of-Thought (CoT) Reasoning). NAME-LEVEL TRAP declared: the corpus holds ~20 mentions of X Reasoning names that are Task-axis values, not this node.
test-time-search	Test-time search	inference-procedures	3	several candidate answers are produced and one is selected	the cost at query time rises with the number of candidates considered	the search is over model structures at training time (model design > neural architectures, branch level: architecture search)		0	0	SPECULATIVE: zero corpus support in the 2024 name list. Kept per AXES 9 (a category with no corpus support is justified or kept, never deleted on that ground). Self-consistency, best-of-n, verifier reranking, tree search over generations, test-time compute scaling. AXES 3 names "test-time computation" in the owner’s ruling that created this parent, so the node is owner-sanctioned although the 2024 corpus predates the literature’s growth. This whole branch carries the parent’s DECLARED STRAIN: it divides by stage.
