# C0 verification sample: paper_id, arXiv id (if any), cases exercised, title
# Selected by greedy set cover over FULLTEXT content, not over the legacy
# prompt's slotting decisions -- the three region checks had to be selected by
# what the papers say, because the legacy prompt returned zero for all three.
# Every paper has a cached fulltext under cache/fulltext/<paper_id>/.
# TWO TIERS. The first 11 rows are the covering core, chosen so every
# acceptance case is exercised at least 3x. The remaining 14 are a RANDOM
# draw (seed 103) from the same fulltext pool, because the over-splitting
# measurements in #103 section 3 are a distribution and 11 papers cannot
# carry one. `tier` says which is which.
paper_id	tier	arxiv	cases	title
69a5fd3848887d403d0a4b51	core	2601.01003	evaluation,iql_ambiguous,offline_fixed,rl_environment,sweep_repetitions	Contractive Diffusion Policies: Robust Action Diffusion via Contractive Score-Based Sampli
69a5fd7748887d403d0a5215	core	2402.18012	gan_one_run,generate_stage,offline_fixed,rl_environment,sweep_repetitions	Diffusion Models as Constrained Samplers for Optimization with Unknown Constraints
69a5fd5a48887d403d0a4eeb	core	2505.17749	evaluation,gan_one_run,rl_environment,sweep_repetitions	Mind the GAP! The Challenges of Scale in Pixel-based Deep Reinforcement Learning
69a5fd7148887d403d0a5175	core	2501.11566	evaluation,gan_one_run,generate_stage,preprocessing	Artificial Neural Networks for Magnetoencephalography: A review of an emerging field
69a5fd6548887d403d0a502b	core		decoding,generate_stage,rag_reference	Training Plug-and-Play Knowledge Modules with Deep Context Distillation
69a5fdea48887d403d0a5f19	core		gan_one_run,offline_fixed,preprocessing,sweep_repetitions	Learning Conditional Policy for Crystal Design using Offline Reinforcement Learning
69a5fd3448887d403d0a4ad3	core		evaluation,preprocessing,rag_reference	A multi-ancestry genetic reference for the Quebec population
69a5fd8248887d403d0a5353	core	2503.08727	decoding,generate_stage,rag_reference	Training Plug-n-Play Knowledge Modules with Deep Context Distillation
69a5fd5348887d403d0a4e29	core	2510.01460	iql_ambiguous,offline_fixed,rl_environment,sweep_repetitions	The Three Regimes of Offline-to-Online Reinforcement Learning
69a5fd6d48887d403d0a50f9	core	2412.08442	iql_ambiguous,offline_fixed,rl_environment,sweep_repetitions	From Multimodal LLMs to Generalist Embodied Agents: Methods and Lessons
69a5fd3b48887d403d0a4b9d	core	2512.22255	decoding,generate_stage,sweep_repetitions	Shape of Thought: When Distribution Matters More than Correctness in Reasoning Tasks
69a5fded48887d403d0a5f71	random			Parameter-Efficient Transfer Learning of Audio Spectrogram Transformers
69a5fd9348887d403d0a5533	random	2405.01155		SynFlowNet: Design of Diverse and Novel Molecules with Synthesis Constraints
69a5fd5b48887d403d0a4f11	random	2509.09495		OpenFake: An Open Dataset and Platform Toward Real-World Deepfake Detection
69a5fe2c48887d403d0a66b9	random			Robustness and Sample Complexity of Model-Based MARL for General-Sum Markov Games
69a5fd6c48887d403d0a50e1	random	2503.02844		Beyond Cosine Decay: On the effectiveness of Infinite Learning Rate Schedule for Continual
69a5fdcc48887d403d0a5bab	random	2309.16941		G4SATBench: Benchmarking and Advancing SAT Solving with Graph Neural Networks
69a5fdef48887d403d0a5fc1	random	2310.12805		Detection and evaluation of bias-inducing features in machine learning
69a5fdbf48887d403d0a5a21	random			Robust Knowledge Unlearning via Mechanistic Localizations
69a5fd6b48887d403d0a50c1	random	2506.14598		Learning From the Past with Cascading Eligibility Traces
69a5fdfd48887d403d0a615b	random			Noisy ZSC: Breaking The Common Knowledge Assumption In Zero-Shot Coordination Games
69a5fd5e48887d403d0a4f53	random	2508.13408		NovoMolGen: Rethinking Molecular Language Model Pretraining
69a5fd6f48887d403d0a5139	random	2506.04482		Understanding and Meeting Practitioner Needs When Measuring Representational Harms Caused 
69a5fd9448887d403d0a555b	random	2402.09299		Trained Without My Consent: Detecting Code Inclusion In Language Models Trained on Code
69a5fe2448887d403d0a65b7	random			Bugs in machine learning-based systems: a faultload benchmark
