node_id	name	parents	value_parent	relation	kind	expands_to	signal	role	attributes	characteristic	positive_test	negative_test	examples	notes
L.mbrl.search	Learned-model tree search	L.mbrl; L.tts.plan		divides	method		S.src.env.reward; S.src.self.own; S.form.return; S.form.lik	R.fit.obj; R.exp.act; R.out.search	A.regime.off; A.rltarget.ac; A.hier.flat; A.deriv.first; A.deriv.comb; A.determinism.stoch; A.param.param; A.world.learned; A.outspace.disc; A.cadence.mini		combines a learned model with an explicit tree search that produces the acting policy	planning by trajectory sampling without a tree	AlphaGo, AlphaZero, MuZero, EfficientZero, Sampled MuZero	the clearest case of one lineage spanning two roles
L.il.adv	Adversarial imitation	L.il; L.gan		divides	method		S.src.ext.demo; S.form.game; S.src.env.rm; S.form.return	R.fit.obj	A.deriv.first; A.cadence.mini; A.rltarget.ac; A.param.param; A.uncert.point; A.determinism.stoch; A.world.free; A.agents.single; A.hier.flat		trains a discriminator to separate agent from expert transitions and uses it as reward	matching actions pointwise	GAIL, DAC, AIRL, f-GAIL	
L.pref.rm	Reward modelling plus policy optimisation	L.pref		divides	method		S.src.ext.pref; S.src.env.rm; S.form.rank; S.form.return				fits an explicit reward model on comparisons, then runs an RL algorithm against it	optimising the policy on preferences in closed form, with no reward model	RLHF with PPO, RLAIF, Constitutional AI, reward-model ensembles	
L.da.adv	Adversarial domain alignment	L.da; L.gan		divides	method		S.src.ext.human; S.src.ext.prog; S.form.game; S.form.lik	R.fit.obj	A.deriv.first; A.cadence.mini; A.param.param; A.uncert.point; A.determinism.det; A.outspace.disc		trains a domain discriminator the feature extractor is trained to fool	matching moments or kernels in closed form	DANN, ADDA, CDAN, MDD	
L.causal.rep	Representation-based counterfactual estimation	L.causal; L.da.stat	L.da.stat	divides	method		S.form.div; S.src.ext; S.src.design.adjust; S.src.ext.human; S.form.lik	R.fit.obj	A.cadence.mini; A.deriv.first; A.determinism.stoch; A.uncert.point; A.param.param; A.guar.consist		learns a representation balancing treated and control groups and predicts both potential outcomes	using a fixed propensity model with no learned representation	TARNet, CFR/IPM-balanced representations, Dragonnet, CEVAE, GANITE	value_parent derived from denials: {'L.causal': 2, 'L.da.stat': 0}; dead denials dropped: value_parent means the contradicting parent no longer propagates
L.optdisc.submod	Greedy submodular selection	L.optdisc; L.curate.active	L.curate.active	divides	method		S.src.none; S.form.none; S.src.self.struct; S.form.dist	R.data.select	A.deriv.comb; A.determinism.det; A.guar.approx		selects a set greedily under a submodular objective with an approximation guarantee	selecting by independent per-item score	facility location coresets, greedy maximum coverage, k-center greedy	value_parent derived from denials: {'L.optdisc': 2, 'L.curate.active': 0}; dead denials dropped: value_parent means the contradicting parent no longer propagates
M.adda	ADDA	L.da.adv		instantiates	method		S.src.ext.human; S.src.ext.prog; S.form.game; S.form.lik	R.fit.obj	A.deriv.first; A.cadence.mini; A.param.param; A.uncert.point; A.determinism.det; A.outspace.disc					
M.airl	AIRL	L.il.irl; L.il.adv		instantiates	method		S.src.ext.demo; S.form.game; S.form.lik; S.src.env.rm; S.form.return	R.fit.obj; R.fit.est	A.deriv.first; A.cadence.mini; A.rltarget.ac; A.param.param; A.uncert.point; A.determinism.stoch; A.regime.on; A.world.free; A.agents.single; A.hier.flat					
M.bpr	BPR	L.rec.cf		instantiates	method		!S.form.recon; S.form.contrast; S.form.rank; S.src.ext; S.src.ext.pref; S.src.self.struct	R.fit.obj; R.fit.update; R.out.predict	A.cadence.full; A.cadence.mini; A.deriv.first; A.determinism.det; A.param.param; A.param.trans; A.uncert.point					
M.bayesian-online-change-point-detection	Bayesian online change-point detection	L.anom.cp		instantiates	method		S.form.lik; S.form.post; S.src.self.next; S.src.self.struct	R.fit.est; R.fit.obj; R.fit.update; R.out.calib	!A.cadence.full; !A.uncert.point; A.cadence.stream; A.determinism.det; A.outspace.cont; A.outspace.struct; A.param.param; A.uncert.interval; A.uncert.post					
M.boruta	Boruta	L.prep.select		instantiates	method		S.form.lik; S.form.spars; S.src.ext; S.src.ext.human; S.form.none	R.data.repr; R.fit.obj; R.fit.update	A.cadence.full; A.deriv.comb; A.determinism.det; A.determinism.stoch; A.param.param; A.uncert.interval; A.uncert.point					
M.cdan	CDAN	L.da.adv		instantiates	method		S.src.ext.human; S.src.ext.prog; S.form.game; S.form.lik	R.fit.obj	A.deriv.first; A.cadence.mini; A.param.param; A.uncert.point; A.determinism.det; A.outspace.disc					
M.cevae	CEVAE	L.causal.rep		instantiates	method		S.form.bound; S.form.div; S.src.design; S.src.ext	R.fit.est; R.fit.obj	!A.uncert.point; A.cadence.mini; A.deriv.first; A.determinism.stoch; A.param.param; A.uncert.post					
M.cyclegan	CycleGAN	L.gan.cond		instantiates	method		S.src.self.struct; S.src.self.ident; S.form.game; S.form.recon	R.fit.obj	A.deriv.first; A.cadence.mini; A.param.param; A.uncert.point; A.determinism.stoch; A.outspace.cont					
M.dac	DAC	L.il.adv		instantiates	method		S.src.ext.demo; S.form.game; S.src.env.rm; S.form.return	R.fit.obj; R.exp.store	A.regime.off; A.deriv.first; A.cadence.mini; A.rltarget.ac; A.param.param; A.uncert.point; A.determinism.stoch; A.world.free; A.agents.single; A.hier.flat; A.outspace.cont					
M.dag-gnn	DAG-GNN	L.causal.struct		instantiates	method		S.form.bound; S.form.spars; S.src.design; S.src.design.indep	R.fit.obj; R.fit.update	A.cadence.mini; A.deriv.first; A.determinism.stoch; A.guar.consist; A.param.param; A.uncert.interval					
M.dann	DANN	L.da.adv		instantiates	method		S.src.ext.human; S.src.ext.prog; S.form.game; S.form.lik	R.fit.obj	A.deriv.first; A.cadence.mini; A.param.param; A.uncert.point; A.determinism.det; A.outspace.disc					
M.der	DER	L.cont.replay		instantiates	method		S.src.ext.human; S.src.self.own; S.form.recon; !S.src.none; !S.form.none; S.form.agree	R.exp.store; R.fit.obj	A.deriv.first; A.cadence.mini; A.param.param					
M.dino	DINO	L.ssl.selfdist		instantiates	method		S.src.self.view; S.src.self.own; S.form.agree; S.form.div	R.fit.obj; R.data.aug	A.deriv.first; A.cadence.mini; A.param.param; A.uncert.point; A.determinism.stoch					
M.dinov2	DINOv2	M.dino		derives-from	method		S.src.self.view; S.src.self.own; S.src.self.mask; S.form.agree; S.form.div	R.fit.obj; R.data.aug	A.deriv.first; A.cadence.mini; A.param.param; A.uncert.point; A.determinism.stoch					
M.dragonnet	Dragonnet	L.causal.rep		instantiates	method		S.form.div; S.form.moment; S.src.design; S.src.ext	R.fit.est; R.fit.obj	A.cadence.mini; A.deriv.first; A.determinism.stoch; A.guar.consist; A.param.param; A.uncert.point					
M.fqe	FQE	L.bandit.ope		instantiates	method		S.form.moment; S.form.return; S.src.design; S.src.design.adjust; S.src.env.reward; S.src.ext; S.src.self.own	R.eval; R.fit.est; R.fit.obj	A.cadence.full; A.deriv.closed; A.determinism.det; A.guar.consist; A.param.param; A.regime.offline; A.uncert.interval; A.uncert.point; A.rltarget.value; A.deriv.first; A.cadence.mini					
M.fixmatch	FixMatch	L.semi.self		instantiates	method		S.src.self.own; S.src.self.view; S.form.conf; S.form.lik	R.data.label; R.fit.obj; R.data.aug	A.deriv.first; A.cadence.mini; A.param.param					
M.flexmatch	FlexMatch	L.semi.self		instantiates	method		S.src.self.own; S.src.self.view; S.form.conf; S.form.lik	R.data.label; R.fit.obj; R.data.aug	A.deriv.first; A.cadence.mini; A.param.param					
M.gail	GAIL	L.il.adv		instantiates	method		S.src.ext.demo; S.form.game; S.src.env.rm; S.form.return	R.fit.obj	A.deriv.first; A.cadence.mini; A.rltarget.ac; A.param.param; A.uncert.point; A.determinism.stoch; A.regime.on; A.world.free; A.agents.single; A.hier.flat					
M.ganite	GANITE	L.causal.rep		instantiates	method		S.form.div; S.form.game; S.src.design; S.src.ext	R.fit.est; R.fit.obj	A.cadence.mini; A.deriv.first; A.determinism.stoch; A.param.param; A.uncert.point					
M.grpo-with-reward-model	GRPO-with-reward-model	L.pref		instantiates	method		S.src.ext.pref; S.src.env.rm; S.form.rank; S.form.return		A.regime.on; A.rltarget.policy					
M.hubert	HuBERT	L.ssl.mask.aud		instantiates	method		S.src.self.mask; S.src.self.own; S.form.lik; S.form.dist	R.fit.obj; R.data.label	A.deriv.first; A.cadence.mini; A.param.param; A.uncert.point; A.determinism.stoch; A.outspace.disc					
M.ivf-pq	IVF-PQ	L.retr.index		instantiates	method		S.form.dist; S.form.none; S.src.ext; S.src.self.struct	R.out.context	A.determinism.det; A.exact.approx; A.param.inst; A.uncert.point					
M.iwae	IWAE	L.vae		instantiates	method		S.form.bound; S.form.recon; S.src.self.ident; S.src.self.struct	R.fit.est; R.fit.obj	A.cadence.mini; A.deriv.first; A.param.param; A.uncert.post					
M.lcm	LCM	L.score.sample		instantiates	method		S.src.self.corrupt; S.src.ext.model; !S.form.score; S.form.agree; S.form.recon	R.fit.obj; R.out.decode	A.deriv.first; A.cadence.mini; A.param.param; A.uncert.point; A.determinism.stoch; A.outspace.cont					
M.liml	LIML	L.causal.iv		instantiates	method		S.form.lik; S.form.moment; S.src.design; S.src.design.quasi; S.src.ext	R.fit.est	A.cadence.full; A.deriv.closed; A.determinism.det; A.guar.consist; A.param.param; A.uncert.interval					
M.listmle	ListMLE	L.rec.ltr		instantiates	method		S.form.lik; S.form.rank; S.src.ext; S.src.ext.pref	R.fit.obj	A.cadence.mini; A.deriv.first; A.determinism.det; A.outspace.struct; A.param.param; A.uncert.point					
M.listnet	ListNet	L.rec.ltr		instantiates	method		S.form.lik; S.form.rank; S.src.ext; S.src.ext.pref	R.fit.obj	A.cadence.mini; A.deriv.first; A.determinism.det; A.outspace.struct; A.param.param; A.uncert.point					
M.mdd	MDD	L.da.adv		instantiates	method		S.src.ext.human; S.src.ext.prog; S.form.game; S.form.lik; S.form.margin; S.form.div	R.fit.obj	A.deriv.first; A.cadence.mini; A.param.param; A.uncert.point; A.determinism.det; A.outspace.disc					
M.mean-teacher	Mean Teacher	L.ssl.selfdist; L.reg.consist		instantiates	method		S.src.self.own; S.src.self.view; S.form.agree; S.src.ext.human; S.form.inv; S.form.lik	R.fit.obj; R.data.aug	A.deriv.first; A.cadence.mini; A.param.param; A.uncert.point; A.determinism.stoch; A.outspace.disc					
M.notears	NOTEARS	L.causal.struct		instantiates	method		S.form.lik; S.form.spars; S.src.design; S.src.design.indep	R.fit.obj; R.fit.update	A.cadence.full; A.deriv.second; A.determinism.det; A.guar.consist; A.param.param; A.uncert.interval					
M.nvae	NVAE	L.vae		instantiates	method		S.form.bound; S.form.recon; S.src.self.ident; S.src.self.struct	R.fit.est; R.fit.obj	A.cadence.mini; A.deriv.first; A.param.param; A.uncert.post					
M.pbl	PBL	L.ssl.jepa		instantiates	method		S.src.self.next; S.src.self.own; S.src.env.reward; S.form.agree; S.form.return	R.fit.obj	A.deriv.first; A.cadence.mini; A.param.param; A.uncert.point; A.determinism.stoch; A.regime.on; A.world.free; A.rltarget.ac; A.agents.single; A.hier.flat; A.outspace.disc					
M.pcl	PCL	L.ssl.cluster		instantiates	method		S.src.self.view; S.src.self.own; S.form.dist; S.form.contrast	R.fit.obj; R.data.label	A.deriv.first; A.cadence.mini; A.param.param; A.uncert.point; A.determinism.stoch					
M.rlhf	RLHF	L.pref		instantiates	pipeline	supervised finetuning; reward-model fitting; PPO against the reward model	S.src.ext.human; S.src.ext.pref; S.src.env.rm; S.form.lik; S.form.rank; S.form.return							
M.ranknet	RankNet	L.rec.ltr		instantiates	method		S.form.lik; S.form.rank; S.src.ext; S.src.ext.pref	R.fit.obj	A.cadence.mini; A.deriv.first; A.determinism.det; A.outspace.struct; A.param.param; A.uncert.point					
M.sindy	SINDy	L.pinn; L.symreg	L.symreg	instantiates	method		S.form.lik; S.form.spars; S.src.ext; S.src.self.next	R.fit.obj; R.search.arch	!A.determinism.stoch; A.cadence.full; A.deriv.closed; A.determinism.det; A.param.param; A.uncert.point					value_parent derived from denials: {'L.pinn': 2, 'L.symreg': 1}; dead denials dropped: value_parent means the contradicting parent no longer propagates
M.spr	SPR	L.dqn.eff; L.ssl.jepa		instantiates	method		S.src.env.reward; S.src.self.next; S.src.self.own; S.form.return; S.form.agree	R.fit.obj; R.exp.store	A.deriv.first; A.cadence.mini; A.param.param; A.uncert.point; A.determinism.stoch; A.regime.off; A.world.free; A.rltarget.value; A.agents.single; A.hier.flat; A.outspace.disc					
M.seqgan-style-corrections	SeqGAN-style corrections	L.ar.exposure		instantiates	method		S.src.self.next; S.src.self.own; !S.form.lik; S.form.game; S.form.return	R.fit.obj	A.deriv.first; A.cadence.mini; A.param.param; A.uncert.point; A.determinism.stoch; A.outspace.disc					
M.simclr-v2	SimCLR v2	M.simclr		derives-from	method		S.src.self.view; S.src.ext.model; S.form.contrast; S.form.div	R.fit.obj; R.data.aug	A.deriv.first; A.cadence.mini; A.param.param; A.uncert.point; A.determinism.stoch					
M.softmatch	SoftMatch	L.semi.self		instantiates	method		S.src.self.own; S.src.self.view; S.form.conf; S.form.lik	R.data.label; R.fit.obj; R.data.aug	A.deriv.first; A.cadence.mini; A.param.param					
M.stable-diffusion-training	Stable Diffusion training	L.score.latent		instantiates	method		S.src.self.corrupt; S.src.self.ident; S.src.ext.pair; S.form.score; S.form.recon; S.form.bound	R.fit.obj; R.data.repr	A.deriv.first; A.cadence.mini; A.param.param; A.uncert.point; A.determinism.stoch; A.outspace.cont					
M.stargan	StarGAN	L.gan.cond		instantiates	method		S.src.ext.human; S.src.self.struct; S.src.self.ident; S.form.game; S.form.recon; S.form.lik	R.fit.obj	A.deriv.first; A.cadence.mini; A.param.param; A.uncert.point; A.determinism.stoch; A.outspace.cont					
M.swav	SwAV	L.ssl.cluster		instantiates	method		S.src.self.view; S.src.self.own; S.form.dist; S.form.lik	R.fit.obj; R.data.label; R.data.aug	A.deriv.first; A.cadence.mini; A.param.param; A.uncert.point; A.determinism.stoch; A.outspace.disc					
M.tmle	TMLE	L.causal.adjust		instantiates	method		S.form.lik; S.form.moment; S.src.design; S.src.design.adjust; S.src.ext	R.fit.est	A.cadence.full; A.deriv.closed; A.determinism.det; A.guar.consist; A.guar.unbias; A.param.param; A.uncert.interval					
M.unreal-auxiliary-tasks	UNREAL auxiliary tasks	L.mtl		instantiates	method		S.src.env.reward; S.src.self.own; S.src.self.next; S.form.return; S.form.lik	R.fit.obj; R.exp.store	A.deriv.first; A.cadence.mini; A.param.param; A.uncert.point; A.determinism.stoch; A.regime.on; A.world.free; A.rltarget.ac; A.agents.single; A.hier.flat; A.outspace.disc					
M.v-mpo	V-MPO	L.pg.trust		instantiates	method		S.src.env.reward; S.src.self.own; S.form.return; S.form.bound		A.rltarget.ac; A.deriv.first					
M.vae	VAE	L.vae		instantiates	method		S.form.bound; S.form.recon; S.src.self.ident; S.src.self.struct	R.fit.est; R.fit.obj	A.cadence.mini; A.deriv.first; A.param.param; A.uncert.post					
M.vae-elbo-scoring	VAE ELBO scoring	L.anom.recon		instantiates	method		S.form.bound; S.form.recon; S.src.self.ident; S.src.self.struct	R.fit.est; R.fit.obj; R.out.calib	A.cadence.full; A.cadence.mini; A.deriv.first; A.param.param; A.uncert.point; A.uncert.post					
M.vqgan	VQGAN	L.vae.vq		instantiates	method		S.form.game; S.form.recon; S.src.self.ident; S.src.self.struct	R.data.repr; R.fit.est; R.fit.obj	A.cadence.mini; A.deriv.first; A.determinism.stoch; A.param.param; A.uncert.point					
M.wavlm	WavLM	L.ssl.mask.aud		instantiates	method		S.src.self.mask; S.src.self.own; S.src.self.corrupt; S.form.lik; S.form.dist	R.fit.obj; R.data.label; R.data.aug	A.deriv.first; A.cadence.mini; A.param.param; A.uncert.point; A.determinism.stoch; A.outspace.disc					
M.beta-vae	beta-VAE	L.vae		instantiates	method		S.form.bound; S.form.recon; S.src.self.ident; S.src.self.struct	R.fit.est; R.fit.obj	A.cadence.mini; A.deriv.first; A.param.param; A.uncert.post					
M.dictionary-learning	dictionary learning	L.dimred.parts		instantiates	method		S.form.recon; S.form.spars; S.src.self.ident; S.src.self.struct	R.data.repr; R.fit.obj; R.fit.update	A.cadence.full; A.deriv.closed; A.determinism.stoch; A.guar.conv; A.param.param; A.uncert.point					lowercase descriptive string -- confirm it is a named procedure, not a description
M.dictionary-learning-on-activations	dictionary learning on activations	L.interp.dict		instantiates	method		S.form.recon; S.form.spars; S.src.self.ident; S.src.self.struct	R.data.repr; R.fit.obj; R.out.explain	A.cadence.full; A.cadence.mini; A.deriv.closed; A.deriv.first; A.param.param; A.uncert.point					lowercase descriptive string -- confirm it is a named procedure, not a description
M.diffusion-reconstruction-scoring	diffusion reconstruction scoring	L.anom.recon		instantiates	method		!S.form.bound; S.form.recon; S.form.score; S.src.self.corrupt; S.src.self.ident; S.src.self.struct	R.fit.est; R.fit.obj; R.out.calib	!A.uncert.post; A.cadence.full; A.cadence.mini; A.deriv.first; A.determinism.stoch; A.param.param; A.uncert.point					lowercase descriptive string -- confirm it is a named procedure, not a description; a dead negative pin was dropped: it denied a value no ancestor asserts
M.double-ml	double ML	L.causal.adjust		instantiates	method		S.form.lik; S.form.moment; S.src.design; S.src.design.adjust; S.src.ext	R.fit.est	A.cadence.full; A.deriv.closed; A.determinism.det; A.guar.consist; A.guar.unbias; A.param.param; A.uncert.interval					
M.f-gail	f-GAIL	L.il.adv		instantiates	method		S.src.ext.demo; S.form.game; S.src.env.rm; S.form.return; S.form.div	R.fit.obj	A.deriv.first; A.cadence.mini; A.rltarget.ac; A.param.param; A.uncert.point; A.determinism.stoch; A.regime.on; A.world.free; A.agents.single; A.hier.flat					
M.fuzzy-rd	fuzzy RD	L.causal.disc		instantiates	method		S.form.lik; S.form.moment; S.src.design; S.src.design.quasi; S.src.ext	R.fit.est	A.cadence.full; A.deriv.closed; A.determinism.det; A.guar.consist; A.param.param; A.uncert.interval					
M.g-computation	g-computation	L.causal.adjust		instantiates	method		S.form.lik; S.form.moment; S.src.design; S.src.design.adjust; S.src.ext	R.fit.est	A.cadence.full; A.deriv.closed; A.determinism.det; A.guar.consist; A.param.param; A.uncert.interval					
M.lasso-selection	lasso selection	L.prep.select		instantiates	method		S.form.lik; S.form.spars; S.src.ext; S.src.ext.human	R.data.repr; R.fit.obj; R.fit.update	A.cadence.full; A.deriv.first; A.determinism.det; A.param.param; A.uncert.point					lowercase descriptive string -- confirm it is a named procedure, not a description
M.latent-diffusion	latent diffusion	L.score.latent		instantiates	method		S.src.self.corrupt; S.src.self.ident; S.form.score; S.form.recon; S.form.bound	R.fit.obj; R.data.repr	A.deriv.first; A.cadence.mini; A.param.param; A.uncert.point; A.determinism.stoch; A.outspace.cont					lowercase descriptive string -- confirm it is a named procedure, not a description
M.mutual-information-filtering	mutual-information filtering	L.prep.select		instantiates	method		S.form.lik; S.form.spars; S.src.ext; S.src.ext.human; S.form.none	R.data.repr; R.fit.obj; R.fit.update	A.cadence.full; A.deriv.comb; A.determinism.det; A.param.param; A.uncert.point					lowercase descriptive string -- confirm it is a named procedure, not a description
M.nuclear-norm-completion	nuclear-norm completion	L.dimred.mf		instantiates	method		S.form.recon; S.form.spars; S.src.ext; S.src.self.struct	R.fit.obj; R.fit.update; R.out.predict	A.cadence.full; A.deriv.second; A.determinism.det; A.guar.consist; A.param.param; A.param.trans; A.uncert.point					lowercase descriptive string -- confirm it is a named procedure, not a description
M.pix2pix	pix2pix	L.gan.cond		instantiates	method		S.src.ext.pair; S.src.self.struct; S.form.game; S.form.recon	R.fit.obj	A.deriv.first; A.cadence.mini; A.param.param; A.uncert.point; A.determinism.stoch; A.outspace.cont					
M.professor-forcing	professor forcing	L.ar.exposure		instantiates	method		S.src.self.next; S.src.self.own; S.form.lik; S.form.game	R.fit.obj	A.deriv.first; A.cadence.mini; A.param.param; A.uncert.point; A.determinism.stoch; A.outspace.disc					lowercase descriptive string -- confirm it is a named procedure, not a description
M.progressive-distillation	progressive distillation	L.score.sample		instantiates	method		S.src.self.corrupt; S.src.self.own; S.form.score; S.src.ext.model; S.form.recon	R.fit.obj; R.out.decode	A.deriv.first; A.cadence.mini; A.param.param; A.uncert.point; A.determinism.stoch; A.outspace.cont					lowercase descriptive string -- confirm it is a named procedure, not a description
M.recursive-feature-elimination	recursive feature elimination	L.prep.select		instantiates	method		S.form.lik; S.form.spars; S.src.ext; S.src.ext.human; S.form.none	R.data.repr; R.fit.obj; R.fit.update	A.cadence.full; A.deriv.comb; A.determinism.det; A.param.param; A.uncert.point					lowercase descriptive string -- confirm it is a named procedure, not a description
M.soft-impute	soft-impute	L.dimred.mf		instantiates	method		S.form.recon; S.form.spars; S.src.ext; S.src.self.struct	R.fit.obj; R.fit.update; R.out.predict	A.cadence.full; A.deriv.closed; A.determinism.det; A.guar.conv; A.param.param; A.param.trans; A.uncert.point					
M.sparse-autoencoders	sparse autoencoders	L.interp.dict		instantiates	method		S.form.recon; S.form.spars; S.src.self.ident; S.src.self.struct	R.data.repr; R.fit.obj; R.out.explain	A.cadence.full; A.cadence.mini; A.deriv.first; A.param.param; A.uncert.point					lowercase descriptive string -- confirm it is a named procedure, not a description
M.synthetic-did	synthetic DiD	L.causal.panel		instantiates	method		S.form.dist; S.form.spars; S.src.design; S.src.design.quasi; S.src.ext	R.fit.est	A.cadence.full; A.deriv.closed; A.determinism.det; A.guar.consist; A.param.param; A.uncert.interval					
M.synthetic-control	synthetic control	L.causal.panel		instantiates	method		S.form.dist; S.form.spars; S.src.design; S.src.design.quasi; S.src.ext	R.fit.est	A.cadence.full; A.deriv.closed; A.determinism.det; A.guar.consist; A.param.param; A.uncert.interval					lowercase descriptive string -- confirm it is a named procedure, not a description
M.transcoders	transcoders	L.interp.dict		instantiates	method		S.form.recon; S.form.spars; S.src.self.ident; S.src.self.struct	R.data.repr; R.fit.obj; R.out.explain	A.cadence.full; A.cadence.mini; A.deriv.first; A.param.param; A.uncert.point					
M.wake-sleep	wake-sleep	L.vae		instantiates	method		S.form.bound; S.form.recon; S.src.self.ident; S.src.self.struct	R.fit.est; R.fit.obj	A.cadence.mini; A.deriv.first; A.determinism.stoch; A.param.param; A.uncert.post					
